[0;34m[fed-infra][0m creating kind cluster 'fed-e2e'
Creating cluster "fed-e2e" ...
 • Ensuring node image (kindest/node:v1.35.0) 🖼  ...
 ✓ Ensuring node image (kindest/node:v1.35.0) 🖼
 • Preparing nodes 📦   ...
 ✓ Preparing nodes 📦 
 • Writing configuration 📜  ...
 ✓ Writing configuration 📜
 • Starting control-plane 🕹️  ...
 ✓ Starting control-plane 🕹️
 • Installing CNI 🔌  ...
 ✓ Installing CNI 🔌
 • Installing StorageClass 💾  ...
 ✓ Installing StorageClass 💾
Set kubectl context to "kind-fed-e2e"
You can now use your cluster with:

kubectl cluster-info --context kind-fed-e2e

Not sure what to do next? 😅  Check out https://kind.sigs.k8s.io/docs/user/quick-start/
[0;34m[fed-infra][0m importing image archive into fed-e2e-control-plane
docker.io/kindest/kindnetd:v20251212 v0.	saved	
application/vnd.oci.image.index.v1+json sha256:377e2e7a513148f7c942b51cd57bdce1589940df856105384ac7f753a1ab43ae
Importing	elapsed: 5.3 s	total:   0.0 B	(0.0 B/s)	
docker.io/kindest/kindnetd:v20251212 v0.	saved	
docker.io/kindest/local path helper:v202	saved	
application/vnd.oci.image.index.v1+json sha256:377e2e7a513148f7c942b51cd57bdce1589940df856105384ac7f753a1ab43ae
application/vnd.oci.image.index.v1+json sha256:f673e4b006aec2b6d794505759997b60631d9c19431c79e180ed6c44321010a9
Importing	elapsed: 5.3 s	total:   0.0 B	(0.0 B/s)	
docker.io/kindest/kindnetd:v20251212 v0.	saved	
docker.io/kindest/local path helper:v202	saved	
docker.io/kindest/local path provisioner	saved	
application/vnd.oci.image.index.v1+json sha256:377e2e7a513148f7c942b51cd57bdce1589940df856105384ac7f753a1ab43ae
application/vnd.oci.image.index.v1+json sha256:f673e4b006aec2b6d794505759997b60631d9c19431c79e180ed6c44321010a9
application/vnd.oci.image.index.v1+json sha256:732f0c85c983ea1d9208d764033c73cbbef1520ebeb3b0cf234e1f98330565df
Importing	elapsed: 5.3 s	total:   0.0 B	(0.0 B/s)	
docker.io/kindest/kindnetd:v20251212 v0.	saved	
docker.io/kindest/local path helper:v202	saved	
docker.io/kindest/local path provisioner	saved	
registry.k8s.io/coredns/coredns:v1.13.1 	saved	
application/vnd.oci.image.index.v1+json sha256:377e2e7a513148f7c942b51cd57bdce1589940df856105384ac7f753a1ab43ae
application/vnd.oci.image.index.v1+json sha256:f673e4b006aec2b6d794505759997b60631d9c19431c79e180ed6c44321010a9
application/vnd.oci.image.index.v1+json sha256:732f0c85c983ea1d9208d764033c73cbbef1520ebeb3b0cf234e1f98330565df
application/vnd.docker.distribution.manifest.list.v2+json sha256:9b9128672209474da07c91439bf15ed704ae05ad918dd6454e5b6ae14e35fee6
Importing	elapsed: 5.3 s	total:   0.0 B	(0.0 B/s)	
docker.io/kindest/kindnetd:v20251212 v0.	saved	
docker.io/kindest/local path helper:v202	saved	
docker.io/kindest/local path provisioner	saved	
registry.k8s.io/coredns/coredns:v1.13.1 	saved	
registry.k8s.io/etcd:3.6.6 0            	saved	
application/vnd.oci.image.index.v1+json sha256:377e2e7a513148f7c942b51cd57bdce1589940df856105384ac7f753a1ab43ae
application/vnd.oci.image.index.v1+json sha256:f673e4b006aec2b6d794505759997b60631d9c19431c79e180ed6c44321010a9
application/vnd.oci.image.index.v1+json sha256:732f0c85c983ea1d9208d764033c73cbbef1520ebeb3b0cf234e1f98330565df
application/vnd.docker.distribution.manifest.list.v2+json sha256:9b9128672209474da07c91439bf15ed704ae05ad918dd6454e5b6ae14e35fee6
application/vnd.oci.image.index.v1+json sha256:60a30b5d81b2217555e2cfb9537f655b7ba97220b99c39ee2e162a7127225890
Importing	elapsed: 5.3 s	total:   0.0 B	(0.0 B/s)	
docker.io/kindest/kindnetd:v20251212 v0.	saved	
docker.io/kindest/local path helper:v202	saved	
docker.io/kindest/local path provisioner	saved	
registry.k8s.io/coredns/coredns:v1.13.1 	saved	
registry.k8s.io/etcd:3.6.6 0            	saved	
registry.k8s.io/kube apiserver amd64:v1.	saved	
application/vnd.oci.image.index.v1+json sha256:377e2e7a513148f7c942b51cd57bdce1589940df856105384ac7f753a1ab43ae
application/vnd.oci.image.index.v1+json sha256:f673e4b006aec2b6d794505759997b60631d9c19431c79e180ed6c44321010a9
application/vnd.oci.image.index.v1+json sha256:732f0c85c983ea1d9208d764033c73cbbef1520ebeb3b0cf234e1f98330565df
application/vnd.docker.distribution.manifest.list.v2+json sha256:9b9128672209474da07c91439bf15ed704ae05ad918dd6454e5b6ae14e35fee6
application/vnd.oci.image.index.v1+json sha256:60a30b5d81b2217555e2cfb9537f655b7ba97220b99c39ee2e162a7127225890
application/vnd.docker.distribution.manifest.v2+json sha256:ea2d568b1c75fa9cde4f7a28d00dafb025b2fa79090500d7ebd84b5712ccd667
Importing	elapsed: 5.3 s	total:   0.0 B	(0.0 B/s)	
docker.io/kindest/kindnetd:v20251212 v0.	saved	
docker.io/kindest/local path helper:v202	saved	
docker.io/kindest/local path provisioner	saved	
registry.k8s.io/coredns/coredns:v1.13.1 	saved	
registry.k8s.io/etcd:3.6.6 0            	saved	
registry.k8s.io/kube apiserver amd64:v1.	saved	
registry.k8s.io/kube apiserver:v1.35.0  	saved	
application/vnd.oci.image.index.v1+json sha256:377e2e7a513148f7c942b51cd57bdce1589940df856105384ac7f753a1ab43ae
application/vnd.oci.image.index.v1+json sha256:f673e4b006aec2b6d794505759997b60631d9c19431c79e180ed6c44321010a9
application/vnd.oci.image.index.v1+json sha256:732f0c85c983ea1d9208d764033c73cbbef1520ebeb3b0cf234e1f98330565df
application/vnd.docker.distribution.manifest.list.v2+json sha256:9b9128672209474da07c91439bf15ed704ae05ad918dd6454e5b6ae14e35fee6
application/vnd.oci.image.index.v1+json sha256:60a30b5d81b2217555e2cfb9537f655b7ba97220b99c39ee2e162a7127225890
application/vnd.docker.distribution.manifest.v2+json sha256:ea2d568b1c75fa9cde4f7a28d00dafb025b2fa79090500d7ebd84b5712ccd667
application/vnd.docker.distribution.manifest.v2+json sha256:ea2d568b1c75fa9cde4f7a28d00dafb025b2fa79090500d7ebd84b5712ccd667
Importing	elapsed: 5.3 s	total:   0.0 B	(0.0 B/s)	
docker.io/kindest/kindnetd:v20251212 v0.	saved	
docker.io/kindest/local path helper:v202	saved	
docker.io/kindest/local path provisioner	saved	
registry.k8s.io/coredns/coredns:v1.13.1 	saved	
registry.k8s.io/etcd:3.6.6 0            	saved	
registry.k8s.io/kube apiserver amd64:v1.	saved	
registry.k8s.io/kube apiserver:v1.35.0  	saved	
registry.k8s.io/kube controller manager 	saved	
application/vnd.oci.image.index.v1+json sha256:377e2e7a513148f7c942b51cd57bdce1589940df856105384ac7f753a1ab43ae
application/vnd.oci.image.index.v1+json sha256:f673e4b006aec2b6d794505759997b60631d9c19431c79e180ed6c44321010a9
application/vnd.oci.image.index.v1+json sha256:732f0c85c983ea1d9208d764033c73cbbef1520ebeb3b0cf234e1f98330565df
application/vnd.docker.distribution.manifest.list.v2+json sha256:9b9128672209474da07c91439bf15ed704ae05ad918dd6454e5b6ae14e35fee6
application/vnd.oci.image.index.v1+json sha256:60a30b5d81b2217555e2cfb9537f655b7ba97220b99c39ee2e162a7127225890
application/vnd.docker.distribution.manifest.v2+json sha256:ea2d568b1c75fa9cde4f7a28d00dafb025b2fa79090500d7ebd84b5712ccd667
application/vnd.docker.distribution.manifest.v2+json sha256:ea2d568b1c75fa9cde4f7a28d00dafb025b2fa79090500d7ebd84b5712ccd667
application/vnd.docker.distribution.manifest.v2+json sha256:f5a790502a7130fbd28a3d5f3587f7082120b49ed3651cb562541a915149f0f4
Importing	elapsed: 5.3 s	total:   0.0 B	(0.0 B/s)	
docker.io/kindest/kindnetd:v20251212 v0.	saved	
docker.io/kindest/local path helper:v202	saved	
docker.io/kindest/local path provisioner	saved	
registry.k8s.io/coredns/coredns:v1.13.1 	saved	
registry.k8s.io/etcd:3.6.6 0            	saved	
registry.k8s.io/kube apiserver amd64:v1.	saved	
registry.k8s.io/kube apiserver:v1.35.0  	saved	
registry.k8s.io/kube controller manager 	saved	
registry.k8s.io/kube controller manager:	saved	
application/vnd.oci.image.index.v1+json sha256:377e2e7a513148f7c942b51cd57bdce1589940df856105384ac7f753a1ab43ae
application/vnd.oci.image.index.v1+json sha256:f673e4b006aec2b6d794505759997b60631d9c19431c79e180ed6c44321010a9
application/vnd.oci.image.index.v1+json sha256:732f0c85c983ea1d9208d764033c73cbbef1520ebeb3b0cf234e1f98330565df
application/vnd.docker.distribution.manifest.list.v2+json sha256:9b9128672209474da07c91439bf15ed704ae05ad918dd6454e5b6ae14e35fee6
application/vnd.oci.image.index.v1+json sha256:60a30b5d81b2217555e2cfb9537f655b7ba97220b99c39ee2e162a7127225890
application/vnd.docker.distribution.manifest.v2+json sha256:ea2d568b1c75fa9cde4f7a28d00dafb025b2fa79090500d7ebd84b5712ccd667
application/vnd.docker.distribution.manifest.v2+json sha256:ea2d568b1c75fa9cde4f7a28d00dafb025b2fa79090500d7ebd84b5712ccd667
application/vnd.docker.distribution.manifest.v2+json sha256:f5a790502a7130fbd28a3d5f3587f7082120b49ed3651cb562541a915149f0f4
application/vnd.docker.distribution.manifest.v2+json sha256:f5a790502a7130fbd28a3d5f3587f7082120b49ed3651cb562541a915149f0f4
Importing	elapsed: 5.3 s	total:   0.0 B	(0.0 B/s)	
docker.io/kindest/kindnetd:v20251212 v0.	saved	
docker.io/kindest/local path helper:v202	saved	
docker.io/kindest/local path provisioner	saved	
registry.k8s.io/coredns/coredns:v1.13.1 	saved	
registry.k8s.io/etcd:3.6.6 0            	saved	
registry.k8s.io/kube apiserver amd64:v1.	saved	
registry.k8s.io/kube apiserver:v1.35.0  	saved	
registry.k8s.io/kube controller manager 	saved	
registry.k8s.io/kube controller manager:	saved	
registry.k8s.io/kube proxy amd64:v1.35.0	saved	
application/vnd.oci.image.index.v1+json sha256:377e2e7a513148f7c942b51cd57bdce1589940df856105384ac7f753a1ab43ae
application/vnd.oci.image.index.v1+json sha256:f673e4b006aec2b6d794505759997b60631d9c19431c79e180ed6c44321010a9
application/vnd.oci.image.index.v1+json sha256:732f0c85c983ea1d9208d764033c73cbbef1520ebeb3b0cf234e1f98330565df
application/vnd.docker.distribution.manifest.list.v2+json sha256:9b9128672209474da07c91439bf15ed704ae05ad918dd6454e5b6ae14e35fee6
application/vnd.oci.image.index.v1+json sha256:60a30b5d81b2217555e2cfb9537f655b7ba97220b99c39ee2e162a7127225890
application/vnd.docker.distribution.manifest.v2+json sha256:ea2d568b1c75fa9cde4f7a28d00dafb025b2fa79090500d7ebd84b5712ccd667
application/vnd.docker.distribution.manifest.v2+json sha256:ea2d568b1c75fa9cde4f7a28d00dafb025b2fa79090500d7ebd84b5712ccd667
application/vnd.docker.distribution.manifest.v2+json sha256:f5a790502a7130fbd28a3d5f3587f7082120b49ed3651cb562541a915149f0f4
application/vnd.docker.distribution.manifest.v2+json sha256:f5a790502a7130fbd28a3d5f3587f7082120b49ed3651cb562541a915149f0f4
application/vnd.docker.distribution.manifest.v2+json sha256:ed7a9d207872385e9d5db98c75b1e543f1099fc1b82e5eedc4449e54dd18bbf8
Importing	elapsed: 5.3 s	total:   0.0 B	(0.0 B/s)	
docker.io/kindest/kindnetd:v20251212 v0.	saved	
docker.io/kindest/local path helper:v202	saved	
docker.io/kindest/local path provisioner	saved	
registry.k8s.io/coredns/coredns:v1.13.1 	saved	
registry.k8s.io/etcd:3.6.6 0            	saved	
registry.k8s.io/kube apiserver amd64:v1.	saved	
registry.k8s.io/kube apiserver:v1.35.0  	saved	
registry.k8s.io/kube controller manager 	saved	
registry.k8s.io/kube controller manager:	saved	
registry.k8s.io/kube proxy amd64:v1.35.0	saved	
registry.k8s.io/kube proxy:v1.35.0      	saved	
application/vnd.oci.image.index.v1+json sha256:377e2e7a513148f7c942b51cd57bdce1589940df856105384ac7f753a1ab43ae
application/vnd.oci.image.index.v1+json sha256:f673e4b006aec2b6d794505759997b60631d9c19431c79e180ed6c44321010a9
application/vnd.oci.image.index.v1+json sha256:732f0c85c983ea1d9208d764033c73cbbef1520ebeb3b0cf234e1f98330565df
application/vnd.docker.distribution.manifest.list.v2+json sha256:9b9128672209474da07c91439bf15ed704ae05ad918dd6454e5b6ae14e35fee6
application/vnd.oci.image.index.v1+json sha256:60a30b5d81b2217555e2cfb9537f655b7ba97220b99c39ee2e162a7127225890
application/vnd.docker.distribution.manifest.v2+json sha256:ea2d568b1c75fa9cde4f7a28d00dafb025b2fa79090500d7ebd84b5712ccd667
application/vnd.docker.distribution.manifest.v2+json sha256:ea2d568b1c75fa9cde4f7a28d00dafb025b2fa79090500d7ebd84b5712ccd667
application/vnd.docker.distribution.manifest.v2+json sha256:f5a790502a7130fbd28a3d5f3587f7082120b49ed3651cb562541a915149f0f4
application/vnd.docker.distribution.manifest.v2+json sha256:f5a790502a7130fbd28a3d5f3587f7082120b49ed3651cb562541a915149f0f4
application/vnd.docker.distribution.manifest.v2+json sha256:ed7a9d207872385e9d5db98c75b1e543f1099fc1b82e5eedc4449e54dd18bbf8
application/vnd.docker.distribution.manifest.v2+json sha256:ed7a9d207872385e9d5db98c75b1e543f1099fc1b82e5eedc4449e54dd18bbf8
Importing	elapsed: 5.3 s	total:   0.0 B	(0.0 B/s)	
docker.io/kindest/kindnetd:v20251212 v0.	saved	
docker.io/kindest/local path helper:v202	saved	
docker.io/kindest/local path provisioner	saved	
registry.k8s.io/coredns/coredns:v1.13.1 	saved	
registry.k8s.io/etcd:3.6.6 0            	saved	
registry.k8s.io/kube apiserver amd64:v1.	saved	
registry.k8s.io/kube apiserver:v1.35.0  	saved	
registry.k8s.io/kube controller manager 	saved	
registry.k8s.io/kube controller manager:	saved	
registry.k8s.io/kube proxy amd64:v1.35.0	saved	
registry.k8s.io/kube proxy:v1.35.0      	saved	
registry.k8s.io/kube scheduler amd64:v1.	saved	
application/vnd.oci.image.index.v1+json sha256:377e2e7a513148f7c942b51cd57bdce1589940df856105384ac7f753a1ab43ae
application/vnd.oci.image.index.v1+json sha256:f673e4b006aec2b6d794505759997b60631d9c19431c79e180ed6c44321010a9
application/vnd.oci.image.index.v1+json sha256:732f0c85c983ea1d9208d764033c73cbbef1520ebeb3b0cf234e1f98330565df
application/vnd.docker.distribution.manifest.list.v2+json sha256:9b9128672209474da07c91439bf15ed704ae05ad918dd6454e5b6ae14e35fee6
application/vnd.oci.image.index.v1+json sha256:60a30b5d81b2217555e2cfb9537f655b7ba97220b99c39ee2e162a7127225890
application/vnd.docker.distribution.manifest.v2+json sha256:ea2d568b1c75fa9cde4f7a28d00dafb025b2fa79090500d7ebd84b5712ccd667
application/vnd.docker.distribution.manifest.v2+json sha256:ea2d568b1c75fa9cde4f7a28d00dafb025b2fa79090500d7ebd84b5712ccd667
application/vnd.docker.distribution.manifest.v2+json sha256:f5a790502a7130fbd28a3d5f3587f7082120b49ed3651cb562541a915149f0f4
application/vnd.docker.distribution.manifest.v2+json sha256:f5a790502a7130fbd28a3d5f3587f7082120b49ed3651cb562541a915149f0f4
application/vnd.docker.distribution.manifest.v2+json sha256:ed7a9d207872385e9d5db98c75b1e543f1099fc1b82e5eedc4449e54dd18bbf8
application/vnd.docker.distribution.manifest.v2+json sha256:ed7a9d207872385e9d5db98c75b1e543f1099fc1b82e5eedc4449e54dd18bbf8
application/vnd.docker.distribution.manifest.v2+json sha256:9765e47d4d1603556b2bc8ef432ef886a939d64af57cb45cf23a9fe57ad5c013
Importing	elapsed: 5.3 s	total:   0.0 B	(0.0 B/s)	
docker.io/kindest/kindnetd:v20251212 v0.	saved	
docker.io/kindest/local path helper:v202	saved	
docker.io/kindest/local path provisioner	saved	
registry.k8s.io/coredns/coredns:v1.13.1 	saved	
registry.k8s.io/etcd:3.6.6 0            	saved	
registry.k8s.io/kube apiserver amd64:v1.	saved	
registry.k8s.io/kube apiserver:v1.35.0  	saved	
registry.k8s.io/kube controller manager 	saved	
registry.k8s.io/kube controller manager:	saved	
registry.k8s.io/kube proxy amd64:v1.35.0	saved	
registry.k8s.io/kube proxy:v1.35.0      	saved	
registry.k8s.io/kube scheduler amd64:v1.	saved	
registry.k8s.io/kube scheduler:v1.35.0  	saved	
application/vnd.oci.image.index.v1+json sha256:377e2e7a513148f7c942b51cd57bdce1589940df856105384ac7f753a1ab43ae
application/vnd.oci.image.index.v1+json sha256:f673e4b006aec2b6d794505759997b60631d9c19431c79e180ed6c44321010a9
application/vnd.oci.image.index.v1+json sha256:732f0c85c983ea1d9208d764033c73cbbef1520ebeb3b0cf234e1f98330565df
application/vnd.docker.distribution.manifest.list.v2+json sha256:9b9128672209474da07c91439bf15ed704ae05ad918dd6454e5b6ae14e35fee6
application/vnd.oci.image.index.v1+json sha256:60a30b5d81b2217555e2cfb9537f655b7ba97220b99c39ee2e162a7127225890
application/vnd.docker.distribution.manifest.v2+json sha256:ea2d568b1c75fa9cde4f7a28d00dafb025b2fa79090500d7ebd84b5712ccd667
application/vnd.docker.distribution.manifest.v2+json sha256:ea2d568b1c75fa9cde4f7a28d00dafb025b2fa79090500d7ebd84b5712ccd667
application/vnd.docker.distribution.manifest.v2+json sha256:f5a790502a7130fbd28a3d5f3587f7082120b49ed3651cb562541a915149f0f4
application/vnd.docker.distribution.manifest.v2+json sha256:f5a790502a7130fbd28a3d5f3587f7082120b49ed3651cb562541a915149f0f4
application/vnd.docker.distribution.manifest.v2+json sha256:ed7a9d207872385e9d5db98c75b1e543f1099fc1b82e5eedc4449e54dd18bbf8
application/vnd.docker.distribution.manifest.v2+json sha256:ed7a9d207872385e9d5db98c75b1e543f1099fc1b82e5eedc4449e54dd18bbf8
application/vnd.docker.distribution.manifest.v2+json sha256:9765e47d4d1603556b2bc8ef432ef886a939d64af57cb45cf23a9fe57ad5c013
application/vnd.docker.distribution.manifest.v2+json sha256:9765e47d4d1603556b2bc8ef432ef886a939d64af57cb45cf23a9fe57ad5c013
Importing	elapsed: 5.3 s	total:   0.0 B	(0.0 B/s)	
docker.io/kindest/kindnetd:v20251212 v0.	saved	
docker.io/kindest/local path helper:v202	saved	
docker.io/kindest/local path provisioner	saved	
registry.k8s.io/coredns/coredns:v1.13.1 	saved	
registry.k8s.io/etcd:3.6.6 0            	saved	
registry.k8s.io/kube apiserver amd64:v1.	saved	
registry.k8s.io/kube apiserver:v1.35.0  	saved	
registry.k8s.io/kube controller manager 	saved	
registry.k8s.io/kube controller manager:	saved	
registry.k8s.io/kube proxy amd64:v1.35.0	saved	
registry.k8s.io/kube proxy:v1.35.0      	saved	
registry.k8s.io/kube scheduler amd64:v1.	saved	
registry.k8s.io/kube scheduler:v1.35.0  	saved	
registry.k8s.io/pause:3.10              	saved	
application/vnd.oci.image.index.v1+json sha256:377e2e7a513148f7c942b51cd57bdce1589940df856105384ac7f753a1ab43ae
application/vnd.oci.image.index.v1+json sha256:f673e4b006aec2b6d794505759997b60631d9c19431c79e180ed6c44321010a9
application/vnd.oci.image.index.v1+json sha256:732f0c85c983ea1d9208d764033c73cbbef1520ebeb3b0cf234e1f98330565df
application/vnd.docker.distribution.manifest.list.v2+json sha256:9b9128672209474da07c91439bf15ed704ae05ad918dd6454e5b6ae14e35fee6
application/vnd.oci.image.index.v1+json sha256:60a30b5d81b2217555e2cfb9537f655b7ba97220b99c39ee2e162a7127225890
application/vnd.docker.distribution.manifest.v2+json sha256:ea2d568b1c75fa9cde4f7a28d00dafb025b2fa79090500d7ebd84b5712ccd667
application/vnd.docker.distribution.manifest.v2+json sha256:ea2d568b1c75fa9cde4f7a28d00dafb025b2fa79090500d7ebd84b5712ccd667
application/vnd.docker.distribution.manifest.v2+json sha256:f5a790502a7130fbd28a3d5f3587f7082120b49ed3651cb562541a915149f0f4
application/vnd.docker.distribution.manifest.v2+json sha256:f5a790502a7130fbd28a3d5f3587f7082120b49ed3651cb562541a915149f0f4
application/vnd.docker.distribution.manifest.v2+json sha256:ed7a9d207872385e9d5db98c75b1e543f1099fc1b82e5eedc4449e54dd18bbf8
application/vnd.docker.distribution.manifest.v2+json sha256:ed7a9d207872385e9d5db98c75b1e543f1099fc1b82e5eedc4449e54dd18bbf8
application/vnd.docker.distribution.manifest.v2+json sha256:9765e47d4d1603556b2bc8ef432ef886a939d64af57cb45cf23a9fe57ad5c013
application/vnd.docker.distribution.manifest.v2+json sha256:9765e47d4d1603556b2bc8ef432ef886a939d64af57cb45cf23a9fe57ad5c013
application/vnd.docker.distribution.manifest.list.v2+json sha256:ee6521f290b2168b6e0935a181d4cff9be1ac3f505666ef0e3c98fae8199917a
Importing	elapsed: 5.3 s	total:   0.0 B	(0.0 B/s)	
[0;34m[fed-infra][0m inotify limits on fed-e2e-control-plane already at 1280, leaving them alone
Switched to context "kind-fed-e2e".
[0;34m[fed-infra][0m registering kind cluster as juju cloud 'fed-fed-e2e-k8s'

k8s substrate added as cloud "fed-fed-e2e-k8s".
You can now bootstrap to this cloud by running 'juju bootstrap fed-fed-e2e-k8s'.
[0;34m[fed-infra][0m bootstrapping juju controller 'fed-fed-e2e' (about a minute warm, longer cold)
Creating Juju controller "fed-fed-e2e" on fed-fed-e2e-k8s
Bootstrap to generic Kubernetes cluster
Creating k8s resources for controller "controller-fed-fed-e2e"
Downloading images
Starting controller pod
Bootstrap agent now started
Contacting Juju controller at 10.96.63.65 to verify accessibility...

Bootstrap complete, controller "fed-fed-e2e" is now available in namespace "controller-fed-fed-e2e"

Now you can run
	juju add-model <model-name>
to create a new model to deploy k8s workloads.
[0;34m[fed-infra][0m creating juju model 'fed-e2e'
Added 'fed-e2e' model on fed-fed-e2e-k8s with credential 'fed-fed-e2e-k8s' for user 'admin'
[0;34m[fed-infra][0m creating juju model 'kubeflow'
Added 'kubeflow' model on fed-fed-e2e-k8s with credential 'fed-fed-e2e-k8s' for user 'admin'
[0;34m[fed-infra][0m deploying 'mysql-k8s' as 'kfp-db' into model 'kubeflow' (channel 8.0/stable, revision 423)
Deployed "kfp-db" from charm-hub charm "mysql-k8s", revision 423 in channel 8.0/stable on ubuntu@22.04/stable
[0;34m[fed-infra][0m deploying 'minio' as 'kfp-minio' into model 'kubeflow' (channel ckf-1.9/stable, revision 383)
Deployed "kfp-minio" from charm-hub charm "minio", revision 383 in channel ckf-1.9/stable on ubuntu@20.04/stable
[0;34m[fed-infra][0m deploying 'kfp-api' as 'kfp-api' into model 'kubeflow' (channel 2.15/stable, revision 2557)
Deployed "kfp-api" from charm-hub charm "kfp-api", revision 2557 in channel 2.15/stable on ubuntu@24.04/stable
[0;34m[fed-infra][0m deploying 'kfp-persistence' as 'kfp-persistence' into model 'kubeflow' (channel 2.15/stable, revision 2568)
Deployed "kfp-persistence" from charm-hub charm "kfp-persistence", revision 2568 in channel 2.15/stable on ubuntu@24.04/stable
[0;34m[fed-infra][0m deploying 'kfp-schedwf' as 'kfp-schedwf' into model 'kubeflow' (channel 2.15/stable, revision 2575)
Deployed "kfp-schedwf" from charm-hub charm "kfp-schedwf", revision 2575 in channel 2.15/stable on ubuntu@24.04/stable
[0;34m[fed-infra][0m deploying 'kfp-viewer' as 'kfp-viewer' into model 'kubeflow' (channel 2.15/stable, revision 2598)
Deployed "kfp-viewer" from charm-hub charm "kfp-viewer", revision 2598 in channel 2.15/stable on ubuntu@24.04/stable
[0;34m[fed-infra][0m deploying 'kfp-viz' as 'kfp-viz' into model 'kubeflow' (channel 2.15/stable, revision 2513)
Deployed "kfp-viz" from charm-hub charm "kfp-viz", revision 2513 in channel 2.15/stable on ubuntu@24.04/stable
[0;34m[fed-infra][0m deploying 'kfp-ui' as 'kfp-ui' into model 'kubeflow' (channel 2.15/stable, revision 2575)
Deployed "kfp-ui" from charm-hub charm "kfp-ui", revision 2575 in channel 2.15/stable on ubuntu@24.04/stable
[0;34m[fed-infra][0m deploying 'kfp-metadata-writer' as 'kfp-metadata-writer' into model 'kubeflow' (channel 2.15/stable, revision 1623)
Deployed "kfp-metadata-writer" from charm-hub charm "kfp-metadata-writer", revision 1623 in channel 2.15/stable on ubuntu@24.04/stable
[0;34m[fed-infra][0m deploying 'mlmd' as 'mlmd' into model 'kubeflow' (channel ckf-1.10/stable, revision 441)
Deployed "mlmd" from charm-hub charm "mlmd", revision 441 in channel ckf-1.10/stable on ubuntu@24.04/stable
[0;34m[fed-infra][0m deploying 'envoy' as 'envoy' into model 'kubeflow' (channel 2.4/stable, revision 576)
Deployed "envoy" from charm-hub charm "envoy", revision 576 in channel 2.4/stable on ubuntu@24.04/stable
[0;34m[fed-infra][0m deploying 'argo-controller' as 'argo-controller' into model 'kubeflow' (channel 3.7/stable, revision 939)
Deployed "argo-controller" from charm-hub charm "argo-controller", revision 939 in channel 3.7/stable on ubuntu@24.04/stable
[0;34m[fed-infra][0m waiting for 'kfp-api' in model 'kubeflow' to become active
[0;33m[fed-infra][0m attempt 1/360 failed: fed_juju_app_active kubeflow kfp-api (retrying in 5s)
[0;33m[fed-infra][0m attempt 2/360 failed: fed_juju_app_active kubeflow kfp-api (retrying in 5s)
[0;33m[fed-infra][0m attempt 3/360 failed: fed_juju_app_active kubeflow kfp-api (retrying in 5s)
[0;33m[fed-infra][0m attempt 4/360 failed: fed_juju_app_active kubeflow kfp-api (retrying in 5s)
[0;33m[fed-infra][0m attempt 5/360 failed: fed_juju_app_active kubeflow kfp-api (retrying in 5s)
[0;33m[fed-infra][0m attempt 6/360 failed: fed_juju_app_active kubeflow kfp-api (retrying in 5s)
[0;33m[fed-infra][0m attempt 7/360 failed: fed_juju_app_active kubeflow kfp-api (retrying in 5s)
[0;33m[fed-infra][0m attempt 8/360 failed: fed_juju_app_active kubeflow kfp-api (retrying in 5s)
[0;33m[fed-infra][0m attempt 9/360 failed: fed_juju_app_active kubeflow kfp-api (retrying in 5s)
[0;33m[fed-infra][0m attempt 10/360 failed: fed_juju_app_active kubeflow kfp-api (retrying in 5s)
[0;33m[fed-infra][0m attempt 11/360 failed: fed_juju_app_active kubeflow kfp-api (retrying in 5s)
[0;33m[fed-infra][0m attempt 12/360 failed: fed_juju_app_active kubeflow kfp-api (retrying in 5s)
[0;33m[fed-infra][0m attempt 13/360 failed: fed_juju_app_active kubeflow kfp-api (retrying in 5s)
[0;33m[fed-infra][0m attempt 14/360 failed: fed_juju_app_active kubeflow kfp-api (retrying in 5s)
[0;33m[fed-infra][0m attempt 15/360 failed: fed_juju_app_active kubeflow kfp-api (retrying in 5s)
[0;33m[fed-infra][0m attempt 16/360 failed: fed_juju_app_active kubeflow kfp-api (retrying in 5s)
[0;33m[fed-infra][0m attempt 17/360 failed: fed_juju_app_active kubeflow kfp-api (retrying in 5s)
[0;33m[fed-infra][0m attempt 18/360 failed: fed_juju_app_active kubeflow kfp-api (retrying in 5s)
[0;33m[fed-infra][0m attempt 19/360 failed: fed_juju_app_active kubeflow kfp-api (retrying in 5s)
[0;33m[fed-infra][0m attempt 20/360 failed: fed_juju_app_active kubeflow kfp-api (retrying in 5s)
[0;33m[fed-infra][0m attempt 21/360 failed: fed_juju_app_active kubeflow kfp-api (retrying in 5s)
[0;33m[fed-infra][0m attempt 22/360 failed: fed_juju_app_active kubeflow kfp-api (retrying in 5s)
[0;33m[fed-infra][0m attempt 23/360 failed: fed_juju_app_active kubeflow kfp-api (retrying in 5s)
[0;33m[fed-infra][0m attempt 24/360 failed: fed_juju_app_active kubeflow kfp-api (retrying in 5s)
[0;33m[fed-infra][0m attempt 25/360 failed: fed_juju_app_active kubeflow kfp-api (retrying in 5s)
[0;33m[fed-infra][0m attempt 26/360 failed: fed_juju_app_active kubeflow kfp-api (retrying in 5s)
[0;33m[fed-infra][0m attempt 27/360 failed: fed_juju_app_active kubeflow kfp-api (retrying in 5s)
[0;33m[fed-infra][0m attempt 28/360 failed: fed_juju_app_active kubeflow kfp-api (retrying in 5s)
[0;33m[fed-infra][0m attempt 29/360 failed: fed_juju_app_active kubeflow kfp-api (retrying in 5s)
[0;33m[fed-infra][0m attempt 30/360 failed: fed_juju_app_active kubeflow kfp-api (retrying in 5s)
[0;33m[fed-infra][0m attempt 31/360 failed: fed_juju_app_active kubeflow kfp-api (retrying in 5s)
[0;33m[fed-infra][0m attempt 32/360 failed: fed_juju_app_active kubeflow kfp-api (retrying in 5s)
[0;33m[fed-infra][0m attempt 33/360 failed: fed_juju_app_active kubeflow kfp-api (retrying in 5s)
[0;33m[fed-infra][0m attempt 34/360 failed: fed_juju_app_active kubeflow kfp-api (retrying in 5s)
[0;33m[fed-infra][0m attempt 35/360 failed: fed_juju_app_active kubeflow kfp-api (retrying in 5s)
[0;33m[fed-infra][0m attempt 36/360 failed: fed_juju_app_active kubeflow kfp-api (retrying in 5s)
[0;33m[fed-infra][0m attempt 37/360 failed: fed_juju_app_active kubeflow kfp-api (retrying in 5s)
[0;33m[fed-infra][0m attempt 38/360 failed: fed_juju_app_active kubeflow kfp-api (retrying in 5s)
[0;33m[fed-infra][0m attempt 39/360 failed: fed_juju_app_active kubeflow kfp-api (retrying in 5s)
[0;33m[fed-infra][0m attempt 40/360 failed: fed_juju_app_active kubeflow kfp-api (retrying in 5s)
[0;33m[fed-infra][0m attempt 41/360 failed: fed_juju_app_active kubeflow kfp-api (retrying in 5s)
[0;33m[fed-infra][0m attempt 42/360 failed: fed_juju_app_active kubeflow kfp-api (retrying in 5s)
[0;33m[fed-infra][0m attempt 43/360 failed: fed_juju_app_active kubeflow kfp-api (retrying in 5s)
[0;33m[fed-infra][0m attempt 44/360 failed: fed_juju_app_active kubeflow kfp-api (retrying in 5s)
[0;33m[fed-infra][0m attempt 45/360 failed: fed_juju_app_active kubeflow kfp-api (retrying in 5s)
[0;33m[fed-infra][0m attempt 46/360 failed: fed_juju_app_active kubeflow kfp-api (retrying in 5s)
[0;33m[fed-infra][0m attempt 47/360 failed: fed_juju_app_active kubeflow kfp-api (retrying in 5s)
[0;33m[fed-infra][0m attempt 48/360 failed: fed_juju_app_active kubeflow kfp-api (retrying in 5s)
[0;33m[fed-infra][0m attempt 49/360 failed: fed_juju_app_active kubeflow kfp-api (retrying in 5s)
[0;33m[fed-infra][0m attempt 50/360 failed: fed_juju_app_active kubeflow kfp-api (retrying in 5s)
[0;33m[fed-infra][0m attempt 51/360 failed: fed_juju_app_active kubeflow kfp-api (retrying in 5s)
[0;33m[fed-infra][0m attempt 52/360 failed: fed_juju_app_active kubeflow kfp-api (retrying in 5s)
[0;33m[fed-infra][0m attempt 53/360 failed: fed_juju_app_active kubeflow kfp-api (retrying in 5s)
[0;33m[fed-infra][0m attempt 54/360 failed: fed_juju_app_active kubeflow kfp-api (retrying in 5s)
[0;33m[fed-infra][0m attempt 55/360 failed: fed_juju_app_active kubeflow kfp-api (retrying in 5s)
[0;33m[fed-infra][0m attempt 56/360 failed: fed_juju_app_active kubeflow kfp-api (retrying in 5s)
[0;33m[fed-infra][0m attempt 57/360 failed: fed_juju_app_active kubeflow kfp-api (retrying in 5s)
[0;33m[fed-infra][0m attempt 58/360 failed: fed_juju_app_active kubeflow kfp-api (retrying in 5s)
[0;33m[fed-infra][0m attempt 59/360 failed: fed_juju_app_active kubeflow kfp-api (retrying in 5s)
[0;33m[fed-infra][0m attempt 60/360 failed: fed_juju_app_active kubeflow kfp-api (retrying in 5s)
[0;33m[fed-infra][0m attempt 61/360 failed: fed_juju_app_active kubeflow kfp-api (retrying in 5s)
[0;33m[fed-infra][0m attempt 62/360 failed: fed_juju_app_active kubeflow kfp-api (retrying in 5s)
[0;33m[fed-infra][0m attempt 63/360 failed: fed_juju_app_active kubeflow kfp-api (retrying in 5s)
[0;33m[fed-infra][0m attempt 64/360 failed: fed_juju_app_active kubeflow kfp-api (retrying in 5s)
[0;33m[fed-infra][0m attempt 65/360 failed: fed_juju_app_active kubeflow kfp-api (retrying in 5s)
[0;33m[fed-infra][0m attempt 66/360 failed: fed_juju_app_active kubeflow kfp-api (retrying in 5s)
[0;33m[fed-infra][0m attempt 67/360 failed: fed_juju_app_active kubeflow kfp-api (retrying in 5s)
[0;33m[fed-infra][0m attempt 68/360 failed: fed_juju_app_active kubeflow kfp-api (retrying in 5s)
[0;33m[fed-infra][0m attempt 69/360 failed: fed_juju_app_active kubeflow kfp-api (retrying in 5s)
[0;33m[fed-infra][0m attempt 70/360 failed: fed_juju_app_active kubeflow kfp-api (retrying in 5s)
[0;33m[fed-infra][0m attempt 71/360 failed: fed_juju_app_active kubeflow kfp-api (retrying in 5s)
[0;33m[fed-infra][0m attempt 72/360 failed: fed_juju_app_active kubeflow kfp-api (retrying in 5s)
[0;33m[fed-infra][0m attempt 73/360 failed: fed_juju_app_active kubeflow kfp-api (retrying in 5s)
[0;33m[fed-infra][0m attempt 74/360 failed: fed_juju_app_active kubeflow kfp-api (retrying in 5s)
[0;33m[fed-infra][0m attempt 75/360 failed: fed_juju_app_active kubeflow kfp-api (retrying in 5s)
[0;33m[fed-infra][0m attempt 76/360 failed: fed_juju_app_active kubeflow kfp-api (retrying in 5s)
[0;33m[fed-infra][0m attempt 77/360 failed: fed_juju_app_active kubeflow kfp-api (retrying in 5s)
[0;33m[fed-infra][0m attempt 78/360 failed: fed_juju_app_active kubeflow kfp-api (retrying in 5s)
[0;33m[fed-infra][0m attempt 79/360 failed: fed_juju_app_active kubeflow kfp-api (retrying in 5s)
[0;33m[fed-infra][0m attempt 80/360 failed: fed_juju_app_active kubeflow kfp-api (retrying in 5s)
[0;33m[fed-infra][0m attempt 81/360 failed: fed_juju_app_active kubeflow kfp-api (retrying in 5s)
[0;33m[fed-infra][0m attempt 82/360 failed: fed_juju_app_active kubeflow kfp-api (retrying in 5s)
[0;33m[fed-infra][0m attempt 83/360 failed: fed_juju_app_active kubeflow kfp-api (retrying in 5s)
[0;33m[fed-infra][0m attempt 84/360 failed: fed_juju_app_active kubeflow kfp-api (retrying in 5s)
[0;33m[fed-infra][0m attempt 85/360 failed: fed_juju_app_active kubeflow kfp-api (retrying in 5s)
[0;33m[fed-infra][0m attempt 86/360 failed: fed_juju_app_active kubeflow kfp-api (retrying in 5s)
[0;33m[fed-infra][0m attempt 87/360 failed: fed_juju_app_active kubeflow kfp-api (retrying in 5s)
[0;33m[fed-infra][0m attempt 88/360 failed: fed_juju_app_active kubeflow kfp-api (retrying in 5s)
[0;33m[fed-infra][0m attempt 89/360 failed: fed_juju_app_active kubeflow kfp-api (retrying in 5s)
[0;33m[fed-infra][0m attempt 90/360 failed: fed_juju_app_active kubeflow kfp-api (retrying in 5s)
[0;33m[fed-infra][0m attempt 91/360 failed: fed_juju_app_active kubeflow kfp-api (retrying in 5s)
[0;33m[fed-infra][0m attempt 92/360 failed: fed_juju_app_active kubeflow kfp-api (retrying in 5s)
[0;33m[fed-infra][0m attempt 93/360 failed: fed_juju_app_active kubeflow kfp-api (retrying in 5s)
[0;33m[fed-infra][0m attempt 94/360 failed: fed_juju_app_active kubeflow kfp-api (retrying in 5s)
[0;33m[fed-infra][0m attempt 95/360 failed: fed_juju_app_active kubeflow kfp-api (retrying in 5s)
[0;33m[fed-infra][0m attempt 96/360 failed: fed_juju_app_active kubeflow kfp-api (retrying in 5s)
[0;33m[fed-infra][0m attempt 97/360 failed: fed_juju_app_active kubeflow kfp-api (retrying in 5s)
[0;33m[fed-infra][0m attempt 98/360 failed: fed_juju_app_active kubeflow kfp-api (retrying in 5s)
[0;33m[fed-infra][0m attempt 99/360 failed: fed_juju_app_active kubeflow kfp-api (retrying in 5s)
[0;33m[fed-infra][0m attempt 100/360 failed: fed_juju_app_active kubeflow kfp-api (retrying in 5s)
[0;33m[fed-infra][0m attempt 101/360 failed: fed_juju_app_active kubeflow kfp-api (retrying in 5s)
[0;33m[fed-infra][0m attempt 102/360 failed: fed_juju_app_active kubeflow kfp-api (retrying in 5s)
[0;33m[fed-infra][0m attempt 103/360 failed: fed_juju_app_active kubeflow kfp-api (retrying in 5s)
[0;33m[fed-infra][0m attempt 104/360 failed: fed_juju_app_active kubeflow kfp-api (retrying in 5s)
[0;33m[fed-infra][0m attempt 105/360 failed: fed_juju_app_active kubeflow kfp-api (retrying in 5s)
[0;33m[fed-infra][0m attempt 106/360 failed: fed_juju_app_active kubeflow kfp-api (retrying in 5s)
[0;33m[fed-infra][0m attempt 107/360 failed: fed_juju_app_active kubeflow kfp-api (retrying in 5s)
[0;33m[fed-infra][0m attempt 108/360 failed: fed_juju_app_active kubeflow kfp-api (retrying in 5s)
[0;33m[fed-infra][0m attempt 109/360 failed: fed_juju_app_active kubeflow kfp-api (retrying in 5s)
[0;33m[fed-infra][0m attempt 110/360 failed: fed_juju_app_active kubeflow kfp-api (retrying in 5s)
[0;33m[fed-infra][0m attempt 111/360 failed: fed_juju_app_active kubeflow kfp-api (retrying in 5s)
[0;33m[fed-infra][0m attempt 112/360 failed: fed_juju_app_active kubeflow kfp-api (retrying in 5s)
[0;33m[fed-infra][0m attempt 113/360 failed: fed_juju_app_active kubeflow kfp-api (retrying in 5s)
[0;33m[fed-infra][0m attempt 114/360 failed: fed_juju_app_active kubeflow kfp-api (retrying in 5s)
[0;33m[fed-infra][0m attempt 115/360 failed: fed_juju_app_active kubeflow kfp-api (retrying in 5s)
[0;33m[fed-infra][0m attempt 116/360 failed: fed_juju_app_active kubeflow kfp-api (retrying in 5s)
[0;33m[fed-infra][0m attempt 117/360 failed: fed_juju_app_active kubeflow kfp-api (retrying in 5s)
[0;33m[fed-infra][0m attempt 118/360 failed: fed_juju_app_active kubeflow kfp-api (retrying in 5s)
[0;33m[fed-infra][0m attempt 119/360 failed: fed_juju_app_active kubeflow kfp-api (retrying in 5s)
[0;33m[fed-infra][0m attempt 120/360 failed: fed_juju_app_active kubeflow kfp-api (retrying in 5s)
[0;33m[fed-infra][0m attempt 121/360 failed: fed_juju_app_active kubeflow kfp-api (retrying in 5s)
[0;33m[fed-infra][0m attempt 122/360 failed: fed_juju_app_active kubeflow kfp-api (retrying in 5s)
[0;33m[fed-infra][0m attempt 123/360 failed: fed_juju_app_active kubeflow kfp-api (retrying in 5s)
[0;33m[fed-infra][0m attempt 124/360 failed: fed_juju_app_active kubeflow kfp-api (retrying in 5s)
[0;33m[fed-infra][0m attempt 125/360 failed: fed_juju_app_active kubeflow kfp-api (retrying in 5s)
[0;33m[fed-infra][0m attempt 126/360 failed: fed_juju_app_active kubeflow kfp-api (retrying in 5s)
[0;33m[fed-infra][0m attempt 127/360 failed: fed_juju_app_active kubeflow kfp-api (retrying in 5s)
[0;33m[fed-infra][0m attempt 128/360 failed: fed_juju_app_active kubeflow kfp-api (retrying in 5s)
[0;33m[fed-infra][0m attempt 129/360 failed: fed_juju_app_active kubeflow kfp-api (retrying in 5s)
[0;33m[fed-infra][0m attempt 130/360 failed: fed_juju_app_active kubeflow kfp-api (retrying in 5s)
[0;33m[fed-infra][0m attempt 131/360 failed: fed_juju_app_active kubeflow kfp-api (retrying in 5s)
[0;33m[fed-infra][0m attempt 132/360 failed: fed_juju_app_active kubeflow kfp-api (retrying in 5s)
[0;33m[fed-infra][0m attempt 133/360 failed: fed_juju_app_active kubeflow kfp-api (retrying in 5s)
[0;33m[fed-infra][0m attempt 134/360 failed: fed_juju_app_active kubeflow kfp-api (retrying in 5s)
[0;33m[fed-infra][0m attempt 135/360 failed: fed_juju_app_active kubeflow kfp-api (retrying in 5s)
[0;33m[fed-infra][0m attempt 136/360 failed: fed_juju_app_active kubeflow kfp-api (retrying in 5s)
[0;33m[fed-infra][0m attempt 137/360 failed: fed_juju_app_active kubeflow kfp-api (retrying in 5s)
[0;33m[fed-infra][0m attempt 138/360 failed: fed_juju_app_active kubeflow kfp-api (retrying in 5s)
[0;33m[fed-infra][0m attempt 139/360 failed: fed_juju_app_active kubeflow kfp-api (retrying in 5s)
[0;33m[fed-infra][0m attempt 140/360 failed: fed_juju_app_active kubeflow kfp-api (retrying in 5s)
[0;33m[fed-infra][0m attempt 141/360 failed: fed_juju_app_active kubeflow kfp-api (retrying in 5s)
[0;33m[fed-infra][0m attempt 142/360 failed: fed_juju_app_active kubeflow kfp-api (retrying in 5s)
[0;33m[fed-infra][0m attempt 143/360 failed: fed_juju_app_active kubeflow kfp-api (retrying in 5s)
[0;33m[fed-infra][0m attempt 144/360 failed: fed_juju_app_active kubeflow kfp-api (retrying in 5s)
[0;33m[fed-infra][0m attempt 145/360 failed: fed_juju_app_active kubeflow kfp-api (retrying in 5s)
[0;33m[fed-infra][0m attempt 146/360 failed: fed_juju_app_active kubeflow kfp-api (retrying in 5s)
[0;33m[fed-infra][0m attempt 147/360 failed: fed_juju_app_active kubeflow kfp-api (retrying in 5s)
[0;33m[fed-infra][0m attempt 148/360 failed: fed_juju_app_active kubeflow kfp-api (retrying in 5s)
[0;33m[fed-infra][0m attempt 149/360 failed: fed_juju_app_active kubeflow kfp-api (retrying in 5s)
[0;33m[fed-infra][0m attempt 150/360 failed: fed_juju_app_active kubeflow kfp-api (retrying in 5s)
[0;33m[fed-infra][0m attempt 151/360 failed: fed_juju_app_active kubeflow kfp-api (retrying in 5s)
[0;33m[fed-infra][0m attempt 152/360 failed: fed_juju_app_active kubeflow kfp-api (retrying in 5s)
[0;33m[fed-infra][0m attempt 153/360 failed: fed_juju_app_active kubeflow kfp-api (retrying in 5s)
[0;33m[fed-infra][0m attempt 154/360 failed: fed_juju_app_active kubeflow kfp-api (retrying in 5s)
[0;33m[fed-infra][0m attempt 155/360 failed: fed_juju_app_active kubeflow kfp-api (retrying in 5s)
[0;33m[fed-infra][0m attempt 156/360 failed: fed_juju_app_active kubeflow kfp-api (retrying in 5s)
[0;33m[fed-infra][0m attempt 157/360 failed: fed_juju_app_active kubeflow kfp-api (retrying in 5s)
[0;33m[fed-infra][0m attempt 158/360 failed: fed_juju_app_active kubeflow kfp-api (retrying in 5s)
[0;33m[fed-infra][0m attempt 159/360 failed: fed_juju_app_active kubeflow kfp-api (retrying in 5s)
[0;33m[fed-infra][0m attempt 160/360 failed: fed_juju_app_active kubeflow kfp-api (retrying in 5s)
[0;33m[fed-infra][0m attempt 161/360 failed: fed_juju_app_active kubeflow kfp-api (retrying in 5s)
[0;33m[fed-infra][0m attempt 162/360 failed: fed_juju_app_active kubeflow kfp-api (retrying in 5s)
[0;33m[fed-infra][0m attempt 163/360 failed: fed_juju_app_active kubeflow kfp-api (retrying in 5s)
[0;33m[fed-infra][0m attempt 164/360 failed: fed_juju_app_active kubeflow kfp-api (retrying in 5s)
[0;33m[fed-infra][0m attempt 165/360 failed: fed_juju_app_active kubeflow kfp-api (retrying in 5s)
[0;33m[fed-infra][0m attempt 166/360 failed: fed_juju_app_active kubeflow kfp-api (retrying in 5s)
[0;33m[fed-infra][0m attempt 167/360 failed: fed_juju_app_active kubeflow kfp-api (retrying in 5s)
[0;33m[fed-infra][0m attempt 168/360 failed: fed_juju_app_active kubeflow kfp-api (retrying in 5s)
[0;33m[fed-infra][0m attempt 169/360 failed: fed_juju_app_active kubeflow kfp-api (retrying in 5s)
[0;33m[fed-infra][0m attempt 170/360 failed: fed_juju_app_active kubeflow kfp-api (retrying in 5s)
[0;33m[fed-infra][0m attempt 171/360 failed: fed_juju_app_active kubeflow kfp-api (retrying in 5s)
[0;33m[fed-infra][0m attempt 172/360 failed: fed_juju_app_active kubeflow kfp-api (retrying in 5s)
[0;33m[fed-infra][0m attempt 173/360 failed: fed_juju_app_active kubeflow kfp-api (retrying in 5s)
[0;33m[fed-infra][0m attempt 174/360 failed: fed_juju_app_active kubeflow kfp-api (retrying in 5s)
[0;33m[fed-infra][0m attempt 175/360 failed: fed_juju_app_active kubeflow kfp-api (retrying in 5s)
[0;33m[fed-infra][0m attempt 176/360 failed: fed_juju_app_active kubeflow kfp-api (retrying in 5s)
[0;33m[fed-infra][0m attempt 177/360 failed: fed_juju_app_active kubeflow kfp-api (retrying in 5s)
[0;33m[fed-infra][0m attempt 178/360 failed: fed_juju_app_active kubeflow kfp-api (retrying in 5s)
[0;33m[fed-infra][0m attempt 179/360 failed: fed_juju_app_active kubeflow kfp-api (retrying in 5s)
[0;33m[fed-infra][0m attempt 180/360 failed: fed_juju_app_active kubeflow kfp-api (retrying in 5s)
[0;33m[fed-infra][0m attempt 181/360 failed: fed_juju_app_active kubeflow kfp-api (retrying in 5s)
[0;33m[fed-infra][0m attempt 182/360 failed: fed_juju_app_active kubeflow kfp-api (retrying in 5s)
[0;33m[fed-infra][0m attempt 183/360 failed: fed_juju_app_active kubeflow kfp-api (retrying in 5s)
[0;33m[fed-infra][0m attempt 184/360 failed: fed_juju_app_active kubeflow kfp-api (retrying in 5s)
[0;33m[fed-infra][0m attempt 185/360 failed: fed_juju_app_active kubeflow kfp-api (retrying in 5s)
[0;33m[fed-infra][0m attempt 186/360 failed: fed_juju_app_active kubeflow kfp-api (retrying in 5s)
[0;33m[fed-infra][0m attempt 187/360 failed: fed_juju_app_active kubeflow kfp-api (retrying in 5s)
[0;33m[fed-infra][0m attempt 188/360 failed: fed_juju_app_active kubeflow kfp-api (retrying in 5s)
[0;33m[fed-infra][0m attempt 189/360 failed: fed_juju_app_active kubeflow kfp-api (retrying in 5s)
[0;33m[fed-infra][0m attempt 190/360 failed: fed_juju_app_active kubeflow kfp-api (retrying in 5s)
[0;33m[fed-infra][0m attempt 191/360 failed: fed_juju_app_active kubeflow kfp-api (retrying in 5s)
[0;33m[fed-infra][0m attempt 192/360 failed: fed_juju_app_active kubeflow kfp-api (retrying in 5s)
[0;33m[fed-infra][0m attempt 193/360 failed: fed_juju_app_active kubeflow kfp-api (retrying in 5s)
[0;33m[fed-infra][0m attempt 194/360 failed: fed_juju_app_active kubeflow kfp-api (retrying in 5s)
[0;33m[fed-infra][0m attempt 195/360 failed: fed_juju_app_active kubeflow kfp-api (retrying in 5s)
[0;33m[fed-infra][0m attempt 196/360 failed: fed_juju_app_active kubeflow kfp-api (retrying in 5s)
[0;33m[fed-infra][0m attempt 197/360 failed: fed_juju_app_active kubeflow kfp-api (retrying in 5s)
[0;33m[fed-infra][0m attempt 198/360 failed: fed_juju_app_active kubeflow kfp-api (retrying in 5s)
[0;33m[fed-infra][0m attempt 199/360 failed: fed_juju_app_active kubeflow kfp-api (retrying in 5s)
[0;33m[fed-infra][0m attempt 200/360 failed: fed_juju_app_active kubeflow kfp-api (retrying in 5s)
[0;33m[fed-infra][0m attempt 201/360 failed: fed_juju_app_active kubeflow kfp-api (retrying in 5s)
[0;33m[fed-infra][0m attempt 202/360 failed: fed_juju_app_active kubeflow kfp-api (retrying in 5s)
[0;33m[fed-infra][0m attempt 203/360 failed: fed_juju_app_active kubeflow kfp-api (retrying in 5s)
[0;33m[fed-infra][0m attempt 204/360 failed: fed_juju_app_active kubeflow kfp-api (retrying in 5s)
[0;33m[fed-infra][0m attempt 205/360 failed: fed_juju_app_active kubeflow kfp-api (retrying in 5s)
[0;33m[fed-infra][0m attempt 206/360 failed: fed_juju_app_active kubeflow kfp-api (retrying in 5s)
[0;33m[fed-infra][0m attempt 207/360 failed: fed_juju_app_active kubeflow kfp-api (retrying in 5s)
[0;33m[fed-infra][0m attempt 208/360 failed: fed_juju_app_active kubeflow kfp-api (retrying in 5s)
[0;33m[fed-infra][0m attempt 209/360 failed: fed_juju_app_active kubeflow kfp-api (retrying in 5s)
[0;33m[fed-infra][0m attempt 210/360 failed: fed_juju_app_active kubeflow kfp-api (retrying in 5s)
[0;33m[fed-infra][0m attempt 211/360 failed: fed_juju_app_active kubeflow kfp-api (retrying in 5s)
[0;33m[fed-infra][0m attempt 212/360 failed: fed_juju_app_active kubeflow kfp-api (retrying in 5s)
[0;33m[fed-infra][0m attempt 213/360 failed: fed_juju_app_active kubeflow kfp-api (retrying in 5s)
[0;33m[fed-infra][0m attempt 214/360 failed: fed_juju_app_active kubeflow kfp-api (retrying in 5s)
[0;33m[fed-infra][0m attempt 215/360 failed: fed_juju_app_active kubeflow kfp-api (retrying in 5s)
[0;33m[fed-infra][0m attempt 216/360 failed: fed_juju_app_active kubeflow kfp-api (retrying in 5s)
[0;33m[fed-infra][0m attempt 217/360 failed: fed_juju_app_active kubeflow kfp-api (retrying in 5s)
[0;33m[fed-infra][0m attempt 218/360 failed: fed_juju_app_active kubeflow kfp-api (retrying in 5s)
[0;33m[fed-infra][0m attempt 219/360 failed: fed_juju_app_active kubeflow kfp-api (retrying in 5s)
[0;33m[fed-infra][0m attempt 220/360 failed: fed_juju_app_active kubeflow kfp-api (retrying in 5s)
[0;33m[fed-infra][0m attempt 221/360 failed: fed_juju_app_active kubeflow kfp-api (retrying in 5s)
[0;33m[fed-infra][0m attempt 222/360 failed: fed_juju_app_active kubeflow kfp-api (retrying in 5s)
[0;33m[fed-infra][0m attempt 223/360 failed: fed_juju_app_active kubeflow kfp-api (retrying in 5s)
[0;33m[fed-infra][0m attempt 224/360 failed: fed_juju_app_active kubeflow kfp-api (retrying in 5s)
[0;33m[fed-infra][0m attempt 225/360 failed: fed_juju_app_active kubeflow kfp-api (retrying in 5s)
[0;33m[fed-infra][0m attempt 226/360 failed: fed_juju_app_active kubeflow kfp-api (retrying in 5s)
[0;33m[fed-infra][0m attempt 227/360 failed: fed_juju_app_active kubeflow kfp-api (retrying in 5s)
[0;33m[fed-infra][0m attempt 228/360 failed: fed_juju_app_active kubeflow kfp-api (retrying in 5s)
[0;33m[fed-infra][0m attempt 229/360 failed: fed_juju_app_active kubeflow kfp-api (retrying in 5s)
[0;33m[fed-infra][0m attempt 230/360 failed: fed_juju_app_active kubeflow kfp-api (retrying in 5s)
[0;33m[fed-infra][0m attempt 231/360 failed: fed_juju_app_active kubeflow kfp-api (retrying in 5s)
[0;33m[fed-infra][0m attempt 232/360 failed: fed_juju_app_active kubeflow kfp-api (retrying in 5s)
[0;33m[fed-infra][0m attempt 233/360 failed: fed_juju_app_active kubeflow kfp-api (retrying in 5s)
[0;33m[fed-infra][0m attempt 234/360 failed: fed_juju_app_active kubeflow kfp-api (retrying in 5s)
[0;33m[fed-infra][0m attempt 235/360 failed: fed_juju_app_active kubeflow kfp-api (retrying in 5s)
[0;33m[fed-infra][0m attempt 236/360 failed: fed_juju_app_active kubeflow kfp-api (retrying in 5s)
[0;33m[fed-infra][0m attempt 237/360 failed: fed_juju_app_active kubeflow kfp-api (retrying in 5s)
[0;33m[fed-infra][0m attempt 238/360 failed: fed_juju_app_active kubeflow kfp-api (retrying in 5s)
[0;33m[fed-infra][0m attempt 239/360 failed: fed_juju_app_active kubeflow kfp-api (retrying in 5s)
[0;33m[fed-infra][0m attempt 240/360 failed: fed_juju_app_active kubeflow kfp-api (retrying in 5s)
[0;33m[fed-infra][0m attempt 241/360 failed: fed_juju_app_active kubeflow kfp-api (retrying in 5s)
[0;33m[fed-infra][0m attempt 242/360 failed: fed_juju_app_active kubeflow kfp-api (retrying in 5s)
[0;33m[fed-infra][0m attempt 243/360 failed: fed_juju_app_active kubeflow kfp-api (retrying in 5s)
[0;33m[fed-infra][0m attempt 244/360 failed: fed_juju_app_active kubeflow kfp-api (retrying in 5s)
[0;33m[fed-infra][0m attempt 245/360 failed: fed_juju_app_active kubeflow kfp-api (retrying in 5s)
[0;33m[fed-infra][0m attempt 246/360 failed: fed_juju_app_active kubeflow kfp-api (retrying in 5s)
[0;33m[fed-infra][0m attempt 247/360 failed: fed_juju_app_active kubeflow kfp-api (retrying in 5s)
[0;33m[fed-infra][0m attempt 248/360 failed: fed_juju_app_active kubeflow kfp-api (retrying in 5s)
[0;33m[fed-infra][0m attempt 249/360 failed: fed_juju_app_active kubeflow kfp-api (retrying in 5s)
[0;33m[fed-infra][0m attempt 250/360 failed: fed_juju_app_active kubeflow kfp-api (retrying in 5s)
[0;33m[fed-infra][0m attempt 251/360 failed: fed_juju_app_active kubeflow kfp-api (retrying in 5s)
[0;33m[fed-infra][0m attempt 252/360 failed: fed_juju_app_active kubeflow kfp-api (retrying in 5s)
[0;33m[fed-infra][0m attempt 253/360 failed: fed_juju_app_active kubeflow kfp-api (retrying in 5s)
[0;33m[fed-infra][0m attempt 254/360 failed: fed_juju_app_active kubeflow kfp-api (retrying in 5s)
[0;33m[fed-infra][0m attempt 255/360 failed: fed_juju_app_active kubeflow kfp-api (retrying in 5s)
[0;33m[fed-infra][0m attempt 256/360 failed: fed_juju_app_active kubeflow kfp-api (retrying in 5s)
[0;33m[fed-infra][0m attempt 257/360 failed: fed_juju_app_active kubeflow kfp-api (retrying in 5s)
[0;33m[fed-infra][0m attempt 258/360 failed: fed_juju_app_active kubeflow kfp-api (retrying in 5s)
[0;33m[fed-infra][0m attempt 259/360 failed: fed_juju_app_active kubeflow kfp-api (retrying in 5s)
[0;33m[fed-infra][0m attempt 260/360 failed: fed_juju_app_active kubeflow kfp-api (retrying in 5s)
[0;33m[fed-infra][0m attempt 261/360 failed: fed_juju_app_active kubeflow kfp-api (retrying in 5s)
[0;33m[fed-infra][0m attempt 262/360 failed: fed_juju_app_active kubeflow kfp-api (retrying in 5s)
[0;33m[fed-infra][0m attempt 263/360 failed: fed_juju_app_active kubeflow kfp-api (retrying in 5s)
[0;33m[fed-infra][0m attempt 264/360 failed: fed_juju_app_active kubeflow kfp-api (retrying in 5s)
[0;33m[fed-infra][0m attempt 265/360 failed: fed_juju_app_active kubeflow kfp-api (retrying in 5s)
[0;33m[fed-infra][0m attempt 266/360 failed: fed_juju_app_active kubeflow kfp-api (retrying in 5s)
[0;33m[fed-infra][0m attempt 267/360 failed: fed_juju_app_active kubeflow kfp-api (retrying in 5s)
[0;33m[fed-infra][0m attempt 268/360 failed: fed_juju_app_active kubeflow kfp-api (retrying in 5s)
[0;33m[fed-infra][0m attempt 269/360 failed: fed_juju_app_active kubeflow kfp-api (retrying in 5s)
[0;33m[fed-infra][0m attempt 270/360 failed: fed_juju_app_active kubeflow kfp-api (retrying in 5s)
[0;33m[fed-infra][0m attempt 271/360 failed: fed_juju_app_active kubeflow kfp-api (retrying in 5s)
[0;33m[fed-infra][0m attempt 272/360 failed: fed_juju_app_active kubeflow kfp-api (retrying in 5s)
[0;33m[fed-infra][0m attempt 273/360 failed: fed_juju_app_active kubeflow kfp-api (retrying in 5s)
[0;33m[fed-infra][0m attempt 274/360 failed: fed_juju_app_active kubeflow kfp-api (retrying in 5s)
[0;33m[fed-infra][0m attempt 275/360 failed: fed_juju_app_active kubeflow kfp-api (retrying in 5s)
[0;33m[fed-infra][0m attempt 276/360 failed: fed_juju_app_active kubeflow kfp-api (retrying in 5s)
[0;33m[fed-infra][0m attempt 277/360 failed: fed_juju_app_active kubeflow kfp-api (retrying in 5s)
[0;33m[fed-infra][0m attempt 278/360 failed: fed_juju_app_active kubeflow kfp-api (retrying in 5s)
[0;33m[fed-infra][0m attempt 279/360 failed: fed_juju_app_active kubeflow kfp-api (retrying in 5s)
[0;33m[fed-infra][0m attempt 280/360 failed: fed_juju_app_active kubeflow kfp-api (retrying in 5s)
[0;33m[fed-infra][0m attempt 281/360 failed: fed_juju_app_active kubeflow kfp-api (retrying in 5s)
[0;33m[fed-infra][0m attempt 282/360 failed: fed_juju_app_active kubeflow kfp-api (retrying in 5s)
[0;33m[fed-infra][0m attempt 283/360 failed: fed_juju_app_active kubeflow kfp-api (retrying in 5s)
[0;33m[fed-infra][0m attempt 284/360 failed: fed_juju_app_active kubeflow kfp-api (retrying in 5s)
[0;33m[fed-infra][0m attempt 285/360 failed: fed_juju_app_active kubeflow kfp-api (retrying in 5s)
[0;33m[fed-infra][0m attempt 286/360 failed: fed_juju_app_active kubeflow kfp-api (retrying in 5s)
[0;33m[fed-infra][0m attempt 287/360 failed: fed_juju_app_active kubeflow kfp-api (retrying in 5s)
[0;33m[fed-infra][0m attempt 288/360 failed: fed_juju_app_active kubeflow kfp-api (retrying in 5s)
[0;33m[fed-infra][0m attempt 289/360 failed: fed_juju_app_active kubeflow kfp-api (retrying in 5s)
[0;33m[fed-infra][0m attempt 290/360 failed: fed_juju_app_active kubeflow kfp-api (retrying in 5s)
[0;33m[fed-infra][0m attempt 291/360 failed: fed_juju_app_active kubeflow kfp-api (retrying in 5s)
[0;33m[fed-infra][0m attempt 292/360 failed: fed_juju_app_active kubeflow kfp-api (retrying in 5s)
[0;33m[fed-infra][0m attempt 293/360 failed: fed_juju_app_active kubeflow kfp-api (retrying in 5s)
[0;33m[fed-infra][0m attempt 294/360 failed: fed_juju_app_active kubeflow kfp-api (retrying in 5s)
[0;33m[fed-infra][0m attempt 295/360 failed: fed_juju_app_active kubeflow kfp-api (retrying in 5s)
[0;33m[fed-infra][0m attempt 296/360 failed: fed_juju_app_active kubeflow kfp-api (retrying in 5s)
[0;33m[fed-infra][0m attempt 297/360 failed: fed_juju_app_active kubeflow kfp-api (retrying in 5s)
[0;33m[fed-infra][0m attempt 298/360 failed: fed_juju_app_active kubeflow kfp-api (retrying in 5s)
[0;33m[fed-infra][0m attempt 299/360 failed: fed_juju_app_active kubeflow kfp-api (retrying in 5s)
[0;33m[fed-infra][0m attempt 300/360 failed: fed_juju_app_active kubeflow kfp-api (retrying in 5s)
[0;33m[fed-infra][0m attempt 301/360 failed: fed_juju_app_active kubeflow kfp-api (retrying in 5s)
[0;33m[fed-infra][0m attempt 302/360 failed: fed_juju_app_active kubeflow kfp-api (retrying in 5s)
[0;33m[fed-infra][0m attempt 303/360 failed: fed_juju_app_active kubeflow kfp-api (retrying in 5s)
[0;33m[fed-infra][0m attempt 304/360 failed: fed_juju_app_active kubeflow kfp-api (retrying in 5s)
[0;33m[fed-infra][0m attempt 305/360 failed: fed_juju_app_active kubeflow kfp-api (retrying in 5s)
[0;33m[fed-infra][0m attempt 306/360 failed: fed_juju_app_active kubeflow kfp-api (retrying in 5s)
[0;33m[fed-infra][0m attempt 307/360 failed: fed_juju_app_active kubeflow kfp-api (retrying in 5s)
[0;33m[fed-infra][0m attempt 308/360 failed: fed_juju_app_active kubeflow kfp-api (retrying in 5s)
[0;33m[fed-infra][0m attempt 309/360 failed: fed_juju_app_active kubeflow kfp-api (retrying in 5s)
[0;33m[fed-infra][0m attempt 310/360 failed: fed_juju_app_active kubeflow kfp-api (retrying in 5s)
[0;33m[fed-infra][0m attempt 311/360 failed: fed_juju_app_active kubeflow kfp-api (retrying in 5s)
[0;33m[fed-infra][0m attempt 312/360 failed: fed_juju_app_active kubeflow kfp-api (retrying in 5s)
[0;33m[fed-infra][0m attempt 313/360 failed: fed_juju_app_active kubeflow kfp-api (retrying in 5s)
[0;33m[fed-infra][0m attempt 314/360 failed: fed_juju_app_active kubeflow kfp-api (retrying in 5s)
[0;33m[fed-infra][0m attempt 315/360 failed: fed_juju_app_active kubeflow kfp-api (retrying in 5s)
[0;33m[fed-infra][0m attempt 316/360 failed: fed_juju_app_active kubeflow kfp-api (retrying in 5s)
[0;33m[fed-infra][0m attempt 317/360 failed: fed_juju_app_active kubeflow kfp-api (retrying in 5s)
[0;33m[fed-infra][0m attempt 318/360 failed: fed_juju_app_active kubeflow kfp-api (retrying in 5s)
[0;33m[fed-infra][0m attempt 319/360 failed: fed_juju_app_active kubeflow kfp-api (retrying in 5s)
[0;33m[fed-infra][0m attempt 320/360 failed: fed_juju_app_active kubeflow kfp-api (retrying in 5s)
[0;33m[fed-infra][0m attempt 321/360 failed: fed_juju_app_active kubeflow kfp-api (retrying in 5s)
[0;33m[fed-infra][0m attempt 322/360 failed: fed_juju_app_active kubeflow kfp-api (retrying in 5s)
[0;33m[fed-infra][0m attempt 323/360 failed: fed_juju_app_active kubeflow kfp-api (retrying in 5s)
[0;33m[fed-infra][0m attempt 324/360 failed: fed_juju_app_active kubeflow kfp-api (retrying in 5s)
[0;33m[fed-infra][0m attempt 325/360 failed: fed_juju_app_active kubeflow kfp-api (retrying in 5s)
[0;33m[fed-infra][0m attempt 326/360 failed: fed_juju_app_active kubeflow kfp-api (retrying in 5s)
[0;33m[fed-infra][0m attempt 327/360 failed: fed_juju_app_active kubeflow kfp-api (retrying in 5s)
[0;33m[fed-infra][0m attempt 328/360 failed: fed_juju_app_active kubeflow kfp-api (retrying in 5s)
[0;33m[fed-infra][0m attempt 329/360 failed: fed_juju_app_active kubeflow kfp-api (retrying in 5s)
[0;33m[fed-infra][0m attempt 330/360 failed: fed_juju_app_active kubeflow kfp-api (retrying in 5s)
[0;33m[fed-infra][0m attempt 331/360 failed: fed_juju_app_active kubeflow kfp-api (retrying in 5s)
[0;33m[fed-infra][0m attempt 332/360 failed: fed_juju_app_active kubeflow kfp-api (retrying in 5s)
[0;34m[fed-infra][0m waiting for 'kfp-ui' in model 'kubeflow' to become active
[0;33m[fed-infra][0m attempt 1/360 failed: fed_juju_app_active kubeflow kfp-ui (retrying in 5s)
[0;34m[fed-infra][0m deploying 'training-operator' as 'training-operator' into model 'kubeflow' (channel 1.8/stable, revision 545)
Deployed "training-operator" from charm-hub charm "training-operator", revision 545 in channel 1.8/stable on ubuntu@20.04/stable
[0;34m[fed-infra][0m waiting for 'training-operator' in model 'kubeflow' to become active
[0;33m[fed-infra][0m attempt 1/360 failed: fed_juju_app_active kubeflow training-operator (retrying in 5s)
[0;33m[fed-infra][0m attempt 2/360 failed: fed_juju_app_active kubeflow training-operator (retrying in 5s)
[0;33m[fed-infra][0m attempt 3/360 failed: fed_juju_app_active kubeflow training-operator (retrying in 5s)
[0;33m[fed-infra][0m attempt 4/360 failed: fed_juju_app_active kubeflow training-operator (retrying in 5s)
[0;33m[fed-infra][0m attempt 5/360 failed: fed_juju_app_active kubeflow training-operator (retrying in 5s)
[0;33m[fed-infra][0m attempt 6/360 failed: fed_juju_app_active kubeflow training-operator (retrying in 5s)
[0;33m[fed-infra][0m attempt 7/360 failed: fed_juju_app_active kubeflow training-operator (retrying in 5s)
[0;33m[fed-infra][0m attempt 8/360 failed: fed_juju_app_active kubeflow training-operator (retrying in 5s)
[0;33m[fed-infra][0m attempt 9/360 failed: fed_juju_app_active kubeflow training-operator (retrying in 5s)
customresourcedefinition.apiextensions.k8s.io/pytorchjobs.kubeflow.org condition met
[0;34m[fed-infra][0m deploying 'temporal-k8s' as 'temporal-k8s' into model 'fed-e2e' (channel 1.23/stable, revision 68)
Deployed "temporal-k8s" from charm-hub charm "temporal-k8s", revision 68 in channel 1.23/stable on ubuntu@24.04/stable
[0;34m[fed-infra][0m deploying 'temporal-admin-k8s' as 'temporal-admin-k8s' into model 'fed-e2e' (channel 1.23/stable, revision 28)
Deployed "temporal-admin-k8s" from charm-hub charm "temporal-admin-k8s", revision 28 in channel 1.23/stable on ubuntu@24.04/stable
[0;34m[fed-infra][0m deploying 'temporal-ui-k8s' as 'temporal-ui-k8s' into model 'fed-e2e' (channel 1.23/stable, revision 31)
Deployed "temporal-ui-k8s" from charm-hub charm "temporal-ui-k8s", revision 31 in channel 1.23/stable on ubuntu@24.04/stable
[0;34m[fed-infra][0m deploying 'postgresql-k8s' as 'temporal-postgresql' into model 'fed-e2e' (channel 14/stable, revision 925)
Deployed "temporal-postgresql" from charm-hub charm "postgresql-k8s", revision 925 in channel 14/stable on ubuntu@22.04/stable
[0;34m[fed-infra][0m waiting for 'temporal-k8s' in model 'fed-e2e' to become active
[0;33m[fed-infra][0m attempt 1/360 failed: fed_juju_app_active fed-e2e temporal-k8s (retrying in 5s)
[0;33m[fed-infra][0m attempt 2/360 failed: fed_juju_app_active fed-e2e temporal-k8s (retrying in 5s)
[0;33m[fed-infra][0m attempt 3/360 failed: fed_juju_app_active fed-e2e temporal-k8s (retrying in 5s)
[0;33m[fed-infra][0m attempt 4/360 failed: fed_juju_app_active fed-e2e temporal-k8s (retrying in 5s)
[0;33m[fed-infra][0m attempt 5/360 failed: fed_juju_app_active fed-e2e temporal-k8s (retrying in 5s)
[0;33m[fed-infra][0m attempt 6/360 failed: fed_juju_app_active fed-e2e temporal-k8s (retrying in 5s)
[0;33m[fed-infra][0m attempt 7/360 failed: fed_juju_app_active fed-e2e temporal-k8s (retrying in 5s)
[0;33m[fed-infra][0m attempt 8/360 failed: fed_juju_app_active fed-e2e temporal-k8s (retrying in 5s)
[0;33m[fed-infra][0m attempt 9/360 failed: fed_juju_app_active fed-e2e temporal-k8s (retrying in 5s)
[0;33m[fed-infra][0m attempt 10/360 failed: fed_juju_app_active fed-e2e temporal-k8s (retrying in 5s)
[0;33m[fed-infra][0m attempt 11/360 failed: fed_juju_app_active fed-e2e temporal-k8s (retrying in 5s)
[0;33m[fed-infra][0m attempt 12/360 failed: fed_juju_app_active fed-e2e temporal-k8s (retrying in 5s)
[0;33m[fed-infra][0m attempt 13/360 failed: fed_juju_app_active fed-e2e temporal-k8s (retrying in 5s)
[0;33m[fed-infra][0m attempt 14/360 failed: fed_juju_app_active fed-e2e temporal-k8s (retrying in 5s)
[0;33m[fed-infra][0m attempt 15/360 failed: fed_juju_app_active fed-e2e temporal-k8s (retrying in 5s)
[0;33m[fed-infra][0m attempt 16/360 failed: fed_juju_app_active fed-e2e temporal-k8s (retrying in 5s)
[0;33m[fed-infra][0m attempt 17/360 failed: fed_juju_app_active fed-e2e temporal-k8s (retrying in 5s)
[0;33m[fed-infra][0m attempt 18/360 failed: fed_juju_app_active fed-e2e temporal-k8s (retrying in 5s)
[0;33m[fed-infra][0m attempt 19/360 failed: fed_juju_app_active fed-e2e temporal-k8s (retrying in 5s)
[0;33m[fed-infra][0m attempt 20/360 failed: fed_juju_app_active fed-e2e temporal-k8s (retrying in 5s)
[0;33m[fed-infra][0m attempt 21/360 failed: fed_juju_app_active fed-e2e temporal-k8s (retrying in 5s)
[0;33m[fed-infra][0m attempt 22/360 failed: fed_juju_app_active fed-e2e temporal-k8s (retrying in 5s)
[0;33m[fed-infra][0m attempt 23/360 failed: fed_juju_app_active fed-e2e temporal-k8s (retrying in 5s)
[0;33m[fed-infra][0m attempt 24/360 failed: fed_juju_app_active fed-e2e temporal-k8s (retrying in 5s)
[0;33m[fed-infra][0m attempt 25/360 failed: fed_juju_app_active fed-e2e temporal-k8s (retrying in 5s)
[0;33m[fed-infra][0m attempt 26/360 failed: fed_juju_app_active fed-e2e temporal-k8s (retrying in 5s)
[0;33m[fed-infra][0m attempt 27/360 failed: fed_juju_app_active fed-e2e temporal-k8s (retrying in 5s)
[0;33m[fed-infra][0m attempt 28/360 failed: fed_juju_app_active fed-e2e temporal-k8s (retrying in 5s)
[0;33m[fed-infra][0m attempt 29/360 failed: fed_juju_app_active fed-e2e temporal-k8s (retrying in 5s)
[0;33m[fed-infra][0m attempt 30/360 failed: fed_juju_app_active fed-e2e temporal-k8s (retrying in 5s)
[0;33m[fed-infra][0m attempt 31/360 failed: fed_juju_app_active fed-e2e temporal-k8s (retrying in 5s)
[0;33m[fed-infra][0m attempt 32/360 failed: fed_juju_app_active fed-e2e temporal-k8s (retrying in 5s)
[0;33m[fed-infra][0m attempt 33/360 failed: fed_juju_app_active fed-e2e temporal-k8s (retrying in 5s)
[0;33m[fed-infra][0m attempt 34/360 failed: fed_juju_app_active fed-e2e temporal-k8s (retrying in 5s)
[0;33m[fed-infra][0m attempt 35/360 failed: fed_juju_app_active fed-e2e temporal-k8s (retrying in 5s)
[0;33m[fed-infra][0m attempt 36/360 failed: fed_juju_app_active fed-e2e temporal-k8s (retrying in 5s)
[0;33m[fed-infra][0m attempt 37/360 failed: fed_juju_app_active fed-e2e temporal-k8s (retrying in 5s)
[0;33m[fed-infra][0m attempt 38/360 failed: fed_juju_app_active fed-e2e temporal-k8s (retrying in 5s)
[0;33m[fed-infra][0m attempt 39/360 failed: fed_juju_app_active fed-e2e temporal-k8s (retrying in 5s)
[0;33m[fed-infra][0m attempt 40/360 failed: fed_juju_app_active fed-e2e temporal-k8s (retrying in 5s)
[0;33m[fed-infra][0m attempt 41/360 failed: fed_juju_app_active fed-e2e temporal-k8s (retrying in 5s)
[0;33m[fed-infra][0m attempt 42/360 failed: fed_juju_app_active fed-e2e temporal-k8s (retrying in 5s)
[0;33m[fed-infra][0m attempt 43/360 failed: fed_juju_app_active fed-e2e temporal-k8s (retrying in 5s)
[0;33m[fed-infra][0m attempt 44/360 failed: fed_juju_app_active fed-e2e temporal-k8s (retrying in 5s)
[0;33m[fed-infra][0m attempt 45/360 failed: fed_juju_app_active fed-e2e temporal-k8s (retrying in 5s)
[0;33m[fed-infra][0m attempt 46/360 failed: fed_juju_app_active fed-e2e temporal-k8s (retrying in 5s)
[0;33m[fed-infra][0m attempt 47/360 failed: fed_juju_app_active fed-e2e temporal-k8s (retrying in 5s)
[0;33m[fed-infra][0m attempt 48/360 failed: fed_juju_app_active fed-e2e temporal-k8s (retrying in 5s)
[0;33m[fed-infra][0m attempt 49/360 failed: fed_juju_app_active fed-e2e temporal-k8s (retrying in 5s)
[0;33m[fed-infra][0m attempt 50/360 failed: fed_juju_app_active fed-e2e temporal-k8s (retrying in 5s)
[0;33m[fed-infra][0m attempt 51/360 failed: fed_juju_app_active fed-e2e temporal-k8s (retrying in 5s)
[0;33m[fed-infra][0m attempt 52/360 failed: fed_juju_app_active fed-e2e temporal-k8s (retrying in 5s)
[0;33m[fed-infra][0m attempt 53/360 failed: fed_juju_app_active fed-e2e temporal-k8s (retrying in 5s)
[0;33m[fed-infra][0m attempt 54/360 failed: fed_juju_app_active fed-e2e temporal-k8s (retrying in 5s)
[0;33m[fed-infra][0m attempt 55/360 failed: fed_juju_app_active fed-e2e temporal-k8s (retrying in 5s)
[0;33m[fed-infra][0m attempt 56/360 failed: fed_juju_app_active fed-e2e temporal-k8s (retrying in 5s)
[0;33m[fed-infra][0m attempt 57/360 failed: fed_juju_app_active fed-e2e temporal-k8s (retrying in 5s)
[0;33m[fed-infra][0m attempt 58/360 failed: fed_juju_app_active fed-e2e temporal-k8s (retrying in 5s)
[0;33m[fed-infra][0m attempt 59/360 failed: fed_juju_app_active fed-e2e temporal-k8s (retrying in 5s)
[0;33m[fed-infra][0m attempt 60/360 failed: fed_juju_app_active fed-e2e temporal-k8s (retrying in 5s)
[0;33m[fed-infra][0m attempt 61/360 failed: fed_juju_app_active fed-e2e temporal-k8s (retrying in 5s)
[0;33m[fed-infra][0m attempt 62/360 failed: fed_juju_app_active fed-e2e temporal-k8s (retrying in 5s)
[0;33m[fed-infra][0m attempt 63/360 failed: fed_juju_app_active fed-e2e temporal-k8s (retrying in 5s)
[0;33m[fed-infra][0m attempt 64/360 failed: fed_juju_app_active fed-e2e temporal-k8s (retrying in 5s)
[0;33m[fed-infra][0m attempt 65/360 failed: fed_juju_app_active fed-e2e temporal-k8s (retrying in 5s)
[0;33m[fed-infra][0m attempt 66/360 failed: fed_juju_app_active fed-e2e temporal-k8s (retrying in 5s)
[0;33m[fed-infra][0m attempt 67/360 failed: fed_juju_app_active fed-e2e temporal-k8s (retrying in 5s)
[0;33m[fed-infra][0m attempt 68/360 failed: fed_juju_app_active fed-e2e temporal-k8s (retrying in 5s)
[0;33m[fed-infra][0m attempt 69/360 failed: fed_juju_app_active fed-e2e temporal-k8s (retrying in 5s)
[0;33m[fed-infra][0m attempt 70/360 failed: fed_juju_app_active fed-e2e temporal-k8s (retrying in 5s)
[0;33m[fed-infra][0m attempt 71/360 failed: fed_juju_app_active fed-e2e temporal-k8s (retrying in 5s)
[0;33m[fed-infra][0m attempt 72/360 failed: fed_juju_app_active fed-e2e temporal-k8s (retrying in 5s)
[0;33m[fed-infra][0m attempt 73/360 failed: fed_juju_app_active fed-e2e temporal-k8s (retrying in 5s)
[0;33m[fed-infra][0m attempt 74/360 failed: fed_juju_app_active fed-e2e temporal-k8s (retrying in 5s)
[0;33m[fed-infra][0m attempt 75/360 failed: fed_juju_app_active fed-e2e temporal-k8s (retrying in 5s)
[0;33m[fed-infra][0m attempt 76/360 failed: fed_juju_app_active fed-e2e temporal-k8s (retrying in 5s)
[0;33m[fed-infra][0m attempt 77/360 failed: fed_juju_app_active fed-e2e temporal-k8s (retrying in 5s)
[0;33m[fed-infra][0m attempt 78/360 failed: fed_juju_app_active fed-e2e temporal-k8s (retrying in 5s)
[0;33m[fed-infra][0m attempt 79/360 failed: fed_juju_app_active fed-e2e temporal-k8s (retrying in 5s)
[0;33m[fed-infra][0m attempt 80/360 failed: fed_juju_app_active fed-e2e temporal-k8s (retrying in 5s)
[0;33m[fed-infra][0m attempt 81/360 failed: fed_juju_app_active fed-e2e temporal-k8s (retrying in 5s)
[0;33m[fed-infra][0m attempt 82/360 failed: fed_juju_app_active fed-e2e temporal-k8s (retrying in 5s)
[0;33m[fed-infra][0m attempt 83/360 failed: fed_juju_app_active fed-e2e temporal-k8s (retrying in 5s)
[0;33m[fed-infra][0m attempt 84/360 failed: fed_juju_app_active fed-e2e temporal-k8s (retrying in 5s)
[0;33m[fed-infra][0m attempt 85/360 failed: fed_juju_app_active fed-e2e temporal-k8s (retrying in 5s)
[0;33m[fed-infra][0m attempt 86/360 failed: fed_juju_app_active fed-e2e temporal-k8s (retrying in 5s)
[0;33m[fed-infra][0m attempt 87/360 failed: fed_juju_app_active fed-e2e temporal-k8s (retrying in 5s)
[0;33m[fed-infra][0m attempt 88/360 failed: fed_juju_app_active fed-e2e temporal-k8s (retrying in 5s)
[0;33m[fed-infra][0m attempt 89/360 failed: fed_juju_app_active fed-e2e temporal-k8s (retrying in 5s)
[0;33m[fed-infra][0m attempt 90/360 failed: fed_juju_app_active fed-e2e temporal-k8s (retrying in 5s)
[0;33m[fed-infra][0m attempt 91/360 failed: fed_juju_app_active fed-e2e temporal-k8s (retrying in 5s)
[0;33m[fed-infra][0m attempt 92/360 failed: fed_juju_app_active fed-e2e temporal-k8s (retrying in 5s)
[0;33m[fed-infra][0m attempt 93/360 failed: fed_juju_app_active fed-e2e temporal-k8s (retrying in 5s)
[0;33m[fed-infra][0m attempt 94/360 failed: fed_juju_app_active fed-e2e temporal-k8s (retrying in 5s)
[0;33m[fed-infra][0m attempt 95/360 failed: fed_juju_app_active fed-e2e temporal-k8s (retrying in 5s)
[0;33m[fed-infra][0m attempt 96/360 failed: fed_juju_app_active fed-e2e temporal-k8s (retrying in 5s)
[0;33m[fed-infra][0m attempt 97/360 failed: fed_juju_app_active fed-e2e temporal-k8s (retrying in 5s)
[0;33m[fed-infra][0m attempt 98/360 failed: fed_juju_app_active fed-e2e temporal-k8s (retrying in 5s)
[0;33m[fed-infra][0m attempt 99/360 failed: fed_juju_app_active fed-e2e temporal-k8s (retrying in 5s)
[0;33m[fed-infra][0m attempt 100/360 failed: fed_juju_app_active fed-e2e temporal-k8s (retrying in 5s)
[0;33m[fed-infra][0m attempt 101/360 failed: fed_juju_app_active fed-e2e temporal-k8s (retrying in 5s)
[0;33m[fed-infra][0m attempt 102/360 failed: fed_juju_app_active fed-e2e temporal-k8s (retrying in 5s)
[0;33m[fed-infra][0m attempt 103/360 failed: fed_juju_app_active fed-e2e temporal-k8s (retrying in 5s)
[0;33m[fed-infra][0m attempt 104/360 failed: fed_juju_app_active fed-e2e temporal-k8s (retrying in 5s)
[0;33m[fed-infra][0m attempt 105/360 failed: fed_juju_app_active fed-e2e temporal-k8s (retrying in 5s)
[0;33m[fed-infra][0m attempt 106/360 failed: fed_juju_app_active fed-e2e temporal-k8s (retrying in 5s)
[0;33m[fed-infra][0m attempt 107/360 failed: fed_juju_app_active fed-e2e temporal-k8s (retrying in 5s)
[0;33m[fed-infra][0m attempt 108/360 failed: fed_juju_app_active fed-e2e temporal-k8s (retrying in 5s)
[0;33m[fed-infra][0m attempt 109/360 failed: fed_juju_app_active fed-e2e temporal-k8s (retrying in 5s)
[0;33m[fed-infra][0m attempt 110/360 failed: fed_juju_app_active fed-e2e temporal-k8s (retrying in 5s)
[0;33m[fed-infra][0m attempt 111/360 failed: fed_juju_app_active fed-e2e temporal-k8s (retrying in 5s)
[0;33m[fed-infra][0m attempt 112/360 failed: fed_juju_app_active fed-e2e temporal-k8s (retrying in 5s)
[0;33m[fed-infra][0m attempt 113/360 failed: fed_juju_app_active fed-e2e temporal-k8s (retrying in 5s)
[0;33m[fed-infra][0m attempt 114/360 failed: fed_juju_app_active fed-e2e temporal-k8s (retrying in 5s)
[0;33m[fed-infra][0m attempt 115/360 failed: fed_juju_app_active fed-e2e temporal-k8s (retrying in 5s)
[0;33m[fed-infra][0m attempt 116/360 failed: fed_juju_app_active fed-e2e temporal-k8s (retrying in 5s)
[0;33m[fed-infra][0m attempt 117/360 failed: fed_juju_app_active fed-e2e temporal-k8s (retrying in 5s)
[0;33m[fed-infra][0m attempt 118/360 failed: fed_juju_app_active fed-e2e temporal-k8s (retrying in 5s)
[0;33m[fed-infra][0m attempt 119/360 failed: fed_juju_app_active fed-e2e temporal-k8s (retrying in 5s)
[0;33m[fed-infra][0m attempt 120/360 failed: fed_juju_app_active fed-e2e temporal-k8s (retrying in 5s)
[0;33m[fed-infra][0m attempt 121/360 failed: fed_juju_app_active fed-e2e temporal-k8s (retrying in 5s)
[0;33m[fed-infra][0m attempt 122/360 failed: fed_juju_app_active fed-e2e temporal-k8s (retrying in 5s)
[0;33m[fed-infra][0m attempt 123/360 failed: fed_juju_app_active fed-e2e temporal-k8s (retrying in 5s)
[0;33m[fed-infra][0m attempt 124/360 failed: fed_juju_app_active fed-e2e temporal-k8s (retrying in 5s)
[0;33m[fed-infra][0m attempt 125/360 failed: fed_juju_app_active fed-e2e temporal-k8s (retrying in 5s)
[0;33m[fed-infra][0m attempt 126/360 failed: fed_juju_app_active fed-e2e temporal-k8s (retrying in 5s)
[0;33m[fed-infra][0m attempt 127/360 failed: fed_juju_app_active fed-e2e temporal-k8s (retrying in 5s)
[0;33m[fed-infra][0m attempt 128/360 failed: fed_juju_app_active fed-e2e temporal-k8s (retrying in 5s)
[0;33m[fed-infra][0m attempt 129/360 failed: fed_juju_app_active fed-e2e temporal-k8s (retrying in 5s)
[0;33m[fed-infra][0m attempt 130/360 failed: fed_juju_app_active fed-e2e temporal-k8s (retrying in 5s)
[0;33m[fed-infra][0m attempt 131/360 failed: fed_juju_app_active fed-e2e temporal-k8s (retrying in 5s)
[0;33m[fed-infra][0m attempt 132/360 failed: fed_juju_app_active fed-e2e temporal-k8s (retrying in 5s)
[0;33m[fed-infra][0m attempt 133/360 failed: fed_juju_app_active fed-e2e temporal-k8s (retrying in 5s)
[0;33m[fed-infra][0m attempt 134/360 failed: fed_juju_app_active fed-e2e temporal-k8s (retrying in 5s)
[0;33m[fed-infra][0m attempt 135/360 failed: fed_juju_app_active fed-e2e temporal-k8s (retrying in 5s)
[0;33m[fed-infra][0m attempt 136/360 failed: fed_juju_app_active fed-e2e temporal-k8s (retrying in 5s)
[0;33m[fed-infra][0m attempt 137/360 failed: fed_juju_app_active fed-e2e temporal-k8s (retrying in 5s)
[0;33m[fed-infra][0m attempt 138/360 failed: fed_juju_app_active fed-e2e temporal-k8s (retrying in 5s)
[0;33m[fed-infra][0m attempt 139/360 failed: fed_juju_app_active fed-e2e temporal-k8s (retrying in 5s)
[0;33m[fed-infra][0m attempt 140/360 failed: fed_juju_app_active fed-e2e temporal-k8s (retrying in 5s)
[0;33m[fed-infra][0m attempt 141/360 failed: fed_juju_app_active fed-e2e temporal-k8s (retrying in 5s)
[0;33m[fed-infra][0m attempt 142/360 failed: fed_juju_app_active fed-e2e temporal-k8s (retrying in 5s)
[0;33m[fed-infra][0m attempt 143/360 failed: fed_juju_app_active fed-e2e temporal-k8s (retrying in 5s)
[0;33m[fed-infra][0m attempt 144/360 failed: fed_juju_app_active fed-e2e temporal-k8s (retrying in 5s)
[0;33m[fed-infra][0m attempt 145/360 failed: fed_juju_app_active fed-e2e temporal-k8s (retrying in 5s)
[0;33m[fed-infra][0m attempt 146/360 failed: fed_juju_app_active fed-e2e temporal-k8s (retrying in 5s)
[0;33m[fed-infra][0m attempt 147/360 failed: fed_juju_app_active fed-e2e temporal-k8s (retrying in 5s)
[0;33m[fed-infra][0m attempt 148/360 failed: fed_juju_app_active fed-e2e temporal-k8s (retrying in 5s)
[0;33m[fed-infra][0m attempt 149/360 failed: fed_juju_app_active fed-e2e temporal-k8s (retrying in 5s)
[0;33m[fed-infra][0m attempt 150/360 failed: fed_juju_app_active fed-e2e temporal-k8s (retrying in 5s)
[0;33m[fed-infra][0m attempt 151/360 failed: fed_juju_app_active fed-e2e temporal-k8s (retrying in 5s)
[0;33m[fed-infra][0m attempt 152/360 failed: fed_juju_app_active fed-e2e temporal-k8s (retrying in 5s)
[0;33m[fed-infra][0m attempt 153/360 failed: fed_juju_app_active fed-e2e temporal-k8s (retrying in 5s)
[0;33m[fed-infra][0m attempt 154/360 failed: fed_juju_app_active fed-e2e temporal-k8s (retrying in 5s)
[0;33m[fed-infra][0m attempt 155/360 failed: fed_juju_app_active fed-e2e temporal-k8s (retrying in 5s)
[0;33m[fed-infra][0m attempt 156/360 failed: fed_juju_app_active fed-e2e temporal-k8s (retrying in 5s)
[0;33m[fed-infra][0m attempt 157/360 failed: fed_juju_app_active fed-e2e temporal-k8s (retrying in 5s)
[0;33m[fed-infra][0m attempt 158/360 failed: fed_juju_app_active fed-e2e temporal-k8s (retrying in 5s)
[0;33m[fed-infra][0m attempt 159/360 failed: fed_juju_app_active fed-e2e temporal-k8s (retrying in 5s)
[0;33m[fed-infra][0m attempt 160/360 failed: fed_juju_app_active fed-e2e temporal-k8s (retrying in 5s)
[0;33m[fed-infra][0m attempt 161/360 failed: fed_juju_app_active fed-e2e temporal-k8s (retrying in 5s)
[0;33m[fed-infra][0m attempt 162/360 failed: fed_juju_app_active fed-e2e temporal-k8s (retrying in 5s)
[0;33m[fed-infra][0m attempt 163/360 failed: fed_juju_app_active fed-e2e temporal-k8s (retrying in 5s)
[0;33m[fed-infra][0m attempt 164/360 failed: fed_juju_app_active fed-e2e temporal-k8s (retrying in 5s)
[0;33m[fed-infra][0m attempt 165/360 failed: fed_juju_app_active fed-e2e temporal-k8s (retrying in 5s)
[0;33m[fed-infra][0m attempt 166/360 failed: fed_juju_app_active fed-e2e temporal-k8s (retrying in 5s)
[0;33m[fed-infra][0m attempt 167/360 failed: fed_juju_app_active fed-e2e temporal-k8s (retrying in 5s)
[0;33m[fed-infra][0m attempt 168/360 failed: fed_juju_app_active fed-e2e temporal-k8s (retrying in 5s)
[0;33m[fed-infra][0m attempt 169/360 failed: fed_juju_app_active fed-e2e temporal-k8s (retrying in 5s)
[0;33m[fed-infra][0m attempt 170/360 failed: fed_juju_app_active fed-e2e temporal-k8s (retrying in 5s)
[0;33m[fed-infra][0m attempt 171/360 failed: fed_juju_app_active fed-e2e temporal-k8s (retrying in 5s)
[0;33m[fed-infra][0m attempt 172/360 failed: fed_juju_app_active fed-e2e temporal-k8s (retrying in 5s)
[0;33m[fed-infra][0m attempt 173/360 failed: fed_juju_app_active fed-e2e temporal-k8s (retrying in 5s)
[0;33m[fed-infra][0m attempt 174/360 failed: fed_juju_app_active fed-e2e temporal-k8s (retrying in 5s)
[0;33m[fed-infra][0m attempt 175/360 failed: fed_juju_app_active fed-e2e temporal-k8s (retrying in 5s)
[0;33m[fed-infra][0m attempt 176/360 failed: fed_juju_app_active fed-e2e temporal-k8s (retrying in 5s)
[0;33m[fed-infra][0m attempt 177/360 failed: fed_juju_app_active fed-e2e temporal-k8s (retrying in 5s)
[0;33m[fed-infra][0m attempt 178/360 failed: fed_juju_app_active fed-e2e temporal-k8s (retrying in 5s)
[0;33m[fed-infra][0m attempt 179/360 failed: fed_juju_app_active fed-e2e temporal-k8s (retrying in 5s)
[0;33m[fed-infra][0m attempt 180/360 failed: fed_juju_app_active fed-e2e temporal-k8s (retrying in 5s)
[0;33m[fed-infra][0m attempt 181/360 failed: fed_juju_app_active fed-e2e temporal-k8s (retrying in 5s)
[0;33m[fed-infra][0m attempt 182/360 failed: fed_juju_app_active fed-e2e temporal-k8s (retrying in 5s)
[0;33m[fed-infra][0m attempt 183/360 failed: fed_juju_app_active fed-e2e temporal-k8s (retrying in 5s)
[0;33m[fed-infra][0m attempt 184/360 failed: fed_juju_app_active fed-e2e temporal-k8s (retrying in 5s)
[0;33m[fed-infra][0m attempt 185/360 failed: fed_juju_app_active fed-e2e temporal-k8s (retrying in 5s)
[0;33m[fed-infra][0m attempt 186/360 failed: fed_juju_app_active fed-e2e temporal-k8s (retrying in 5s)
[0;33m[fed-infra][0m attempt 187/360 failed: fed_juju_app_active fed-e2e temporal-k8s (retrying in 5s)
[0;33m[fed-infra][0m attempt 188/360 failed: fed_juju_app_active fed-e2e temporal-k8s (retrying in 5s)
[0;33m[fed-infra][0m attempt 189/360 failed: fed_juju_app_active fed-e2e temporal-k8s (retrying in 5s)
[0;33m[fed-infra][0m attempt 190/360 failed: fed_juju_app_active fed-e2e temporal-k8s (retrying in 5s)
[0;33m[fed-infra][0m attempt 191/360 failed: fed_juju_app_active fed-e2e temporal-k8s (retrying in 5s)
[0;33m[fed-infra][0m attempt 192/360 failed: fed_juju_app_active fed-e2e temporal-k8s (retrying in 5s)
[0;33m[fed-infra][0m attempt 193/360 failed: fed_juju_app_active fed-e2e temporal-k8s (retrying in 5s)
[0;33m[fed-infra][0m attempt 194/360 failed: fed_juju_app_active fed-e2e temporal-k8s (retrying in 5s)
[0;33m[fed-infra][0m attempt 195/360 failed: fed_juju_app_active fed-e2e temporal-k8s (retrying in 5s)
[0;33m[fed-infra][0m attempt 196/360 failed: fed_juju_app_active fed-e2e temporal-k8s (retrying in 5s)
[0;33m[fed-infra][0m attempt 197/360 failed: fed_juju_app_active fed-e2e temporal-k8s (retrying in 5s)
[0;33m[fed-infra][0m attempt 198/360 failed: fed_juju_app_active fed-e2e temporal-k8s (retrying in 5s)
[0;33m[fed-infra][0m attempt 199/360 failed: fed_juju_app_active fed-e2e temporal-k8s (retrying in 5s)
[0;34m[fed-infra][0m waiting for 'temporal-ui-k8s' in model 'fed-e2e' to become active
[0;33m[fed-infra][0m attempt 1/360 failed: fed_juju_app_active fed-e2e temporal-ui-k8s (retrying in 5s)
[0;33m[fed-infra][0m attempt 2/360 failed: fed_juju_app_active fed-e2e temporal-ui-k8s (retrying in 5s)
[0;33m[fed-infra][0m attempt 3/360 failed: fed_juju_app_active fed-e2e temporal-ui-k8s (retrying in 5s)
[0;33m[fed-infra][0m attempt 4/360 failed: fed_juju_app_active fed-e2e temporal-ui-k8s (retrying in 5s)
[0;33m[fed-infra][0m attempt 5/360 failed: fed_juju_app_active fed-e2e temporal-ui-k8s (retrying in 5s)
[0;33m[fed-infra][0m attempt 6/360 failed: fed_juju_app_active fed-e2e temporal-ui-k8s (retrying in 5s)
[0;33m[fed-infra][0m attempt 7/360 failed: fed_juju_app_active fed-e2e temporal-ui-k8s (retrying in 5s)
[0;33m[fed-infra][0m attempt 8/360 failed: fed_juju_app_active fed-e2e temporal-ui-k8s (retrying in 5s)
[0;33m[fed-infra][0m attempt 9/360 failed: fed_juju_app_active fed-e2e temporal-ui-k8s (retrying in 5s)
[0;33m[fed-infra][0m attempt 10/360 failed: fed_juju_app_active fed-e2e temporal-ui-k8s (retrying in 5s)
[0;33m[fed-infra][0m attempt 11/360 failed: fed_juju_app_active fed-e2e temporal-ui-k8s (retrying in 5s)
[0;33m[fed-infra][0m attempt 12/360 failed: fed_juju_app_active fed-e2e temporal-ui-k8s (retrying in 5s)
[0;33m[fed-infra][0m attempt 13/360 failed: fed_juju_app_active fed-e2e temporal-ui-k8s (retrying in 5s)
[0;33m[fed-infra][0m attempt 14/360 failed: fed_juju_app_active fed-e2e temporal-ui-k8s (retrying in 5s)
[0;33m[fed-infra][0m attempt 15/360 failed: fed_juju_app_active fed-e2e temporal-ui-k8s (retrying in 5s)
[0;33m[fed-infra][0m attempt 16/360 failed: fed_juju_app_active fed-e2e temporal-ui-k8s (retrying in 5s)
[0;33m[fed-infra][0m attempt 17/360 failed: fed_juju_app_active fed-e2e temporal-ui-k8s (retrying in 5s)
[0;33m[fed-infra][0m attempt 18/360 failed: fed_juju_app_active fed-e2e temporal-ui-k8s (retrying in 5s)
[0;33m[fed-infra][0m attempt 19/360 failed: fed_juju_app_active fed-e2e temporal-ui-k8s (retrying in 5s)
[0;33m[fed-infra][0m attempt 20/360 failed: fed_juju_app_active fed-e2e temporal-ui-k8s (retrying in 5s)
[0;33m[fed-infra][0m attempt 21/360 failed: fed_juju_app_active fed-e2e temporal-ui-k8s (retrying in 5s)
[0;33m[fed-infra][0m attempt 22/360 failed: fed_juju_app_active fed-e2e temporal-ui-k8s (retrying in 5s)
[0;33m[fed-infra][0m attempt 23/360 failed: fed_juju_app_active fed-e2e temporal-ui-k8s (retrying in 5s)
[0;33m[fed-infra][0m attempt 24/360 failed: fed_juju_app_active fed-e2e temporal-ui-k8s (retrying in 5s)
[0;33m[fed-infra][0m attempt 25/360 failed: fed_juju_app_active fed-e2e temporal-ui-k8s (retrying in 5s)
[0;33m[fed-infra][0m attempt 26/360 failed: fed_juju_app_active fed-e2e temporal-ui-k8s (retrying in 5s)
[0;33m[fed-infra][0m attempt 27/360 failed: fed_juju_app_active fed-e2e temporal-ui-k8s (retrying in 5s)
[0;33m[fed-infra][0m attempt 28/360 failed: fed_juju_app_active fed-e2e temporal-ui-k8s (retrying in 5s)
[0;33m[fed-infra][0m attempt 29/360 failed: fed_juju_app_active fed-e2e temporal-ui-k8s (retrying in 5s)
[0;33m[fed-infra][0m attempt 30/360 failed: fed_juju_app_active fed-e2e temporal-ui-k8s (retrying in 5s)
[0;33m[fed-infra][0m attempt 31/360 failed: fed_juju_app_active fed-e2e temporal-ui-k8s (retrying in 5s)
[0;33m[fed-infra][0m attempt 32/360 failed: fed_juju_app_active fed-e2e temporal-ui-k8s (retrying in 5s)
[0;33m[fed-infra][0m attempt 33/360 failed: fed_juju_app_active fed-e2e temporal-ui-k8s (retrying in 5s)
[0;33m[fed-infra][0m attempt 34/360 failed: fed_juju_app_active fed-e2e temporal-ui-k8s (retrying in 5s)
[0;33m[fed-infra][0m attempt 35/360 failed: fed_juju_app_active fed-e2e temporal-ui-k8s (retrying in 5s)
[0;33m[fed-infra][0m attempt 36/360 failed: fed_juju_app_active fed-e2e temporal-ui-k8s (retrying in 5s)
[0;33m[fed-infra][0m attempt 37/360 failed: fed_juju_app_active fed-e2e temporal-ui-k8s (retrying in 5s)
[0;33m[fed-infra][0m attempt 38/360 failed: fed_juju_app_active fed-e2e temporal-ui-k8s (retrying in 5s)
[0;33m[fed-infra][0m attempt 39/360 failed: fed_juju_app_active fed-e2e temporal-ui-k8s (retrying in 5s)
[0;33m[fed-infra][0m attempt 40/360 failed: fed_juju_app_active fed-e2e temporal-ui-k8s (retrying in 5s)
[0;33m[fed-infra][0m attempt 41/360 failed: fed_juju_app_active fed-e2e temporal-ui-k8s (retrying in 5s)
[0;33m[fed-infra][0m attempt 42/360 failed: fed_juju_app_active fed-e2e temporal-ui-k8s (retrying in 5s)
[0;33m[fed-infra][0m attempt 43/360 failed: fed_juju_app_active fed-e2e temporal-ui-k8s (retrying in 5s)
[0;33m[fed-infra][0m attempt 44/360 failed: fed_juju_app_active fed-e2e temporal-ui-k8s (retrying in 5s)
[0;33m[fed-infra][0m attempt 45/360 failed: fed_juju_app_active fed-e2e temporal-ui-k8s (retrying in 5s)
[0;33m[fed-infra][0m attempt 46/360 failed: fed_juju_app_active fed-e2e temporal-ui-k8s (retrying in 5s)
[0;34m[fed-infra][0m waiting for 'temporal-admin-k8s' in model 'fed-e2e' to become active
[0;34m[fed-infra][0m registering temporal namespace 'default'
[0;34m[fed-infra][0m temporal namespace 'default' registered
[0;34m[fed-infra][0m deploying 'minio' as 'minio' into model 'fed-e2e' (channel ckf-1.9/stable, revision 383)
Deployed "minio" from charm-hub charm "minio", revision 383 in channel ckf-1.9/stable on ubuntu@20.04/stable
[0;34m[fed-infra][0m waiting for 'minio' in model 'fed-e2e' to become active
[0;33m[fed-infra][0m attempt 1/360 failed: fed_juju_app_active fed-e2e minio (retrying in 5s)
[0;33m[fed-infra][0m attempt 2/360 failed: fed_juju_app_active fed-e2e minio (retrying in 5s)
[0;33m[fed-infra][0m attempt 3/360 failed: fed_juju_app_active fed-e2e minio (retrying in 5s)
[0;33m[fed-infra][0m attempt 4/360 failed: fed_juju_app_active fed-e2e minio (retrying in 5s)
[0;34m[fed-infra][0m deploying 'mysql-k8s' as 'mlflow-mysql' into model 'fed-e2e' (channel 8.0/stable, revision 423)
Deployed "mlflow-mysql" from charm-hub charm "mysql-k8s", revision 423 in channel 8.0/stable on ubuntu@22.04/stable
[0;34m[fed-infra][0m deploying 'mlflow-server' as 'mlflow-server' into model 'fed-e2e' (channel 2.15/stable, revision 762)
Deployed "mlflow-server" from charm-hub charm "mlflow-server", revision 762 in channel 2.15/stable on ubuntu@20.04/stable
[0;34m[fed-infra][0m waiting for 'mlflow-mysql' in model 'fed-e2e' to become active
[0;33m[fed-infra][0m attempt 1/360 failed: fed_juju_app_active fed-e2e mlflow-mysql (retrying in 5s)
[0;33m[fed-infra][0m attempt 2/360 failed: fed_juju_app_active fed-e2e mlflow-mysql (retrying in 5s)
[0;33m[fed-infra][0m attempt 3/360 failed: fed_juju_app_active fed-e2e mlflow-mysql (retrying in 5s)
[0;33m[fed-infra][0m attempt 4/360 failed: fed_juju_app_active fed-e2e mlflow-mysql (retrying in 5s)
[0;33m[fed-infra][0m attempt 5/360 failed: fed_juju_app_active fed-e2e mlflow-mysql (retrying in 5s)
[0;33m[fed-infra][0m attempt 6/360 failed: fed_juju_app_active fed-e2e mlflow-mysql (retrying in 5s)
[0;33m[fed-infra][0m attempt 7/360 failed: fed_juju_app_active fed-e2e mlflow-mysql (retrying in 5s)
[0;33m[fed-infra][0m attempt 8/360 failed: fed_juju_app_active fed-e2e mlflow-mysql (retrying in 5s)
[0;33m[fed-infra][0m attempt 9/360 failed: fed_juju_app_active fed-e2e mlflow-mysql (retrying in 5s)
[0;33m[fed-infra][0m attempt 10/360 failed: fed_juju_app_active fed-e2e mlflow-mysql (retrying in 5s)
[0;33m[fed-infra][0m attempt 11/360 failed: fed_juju_app_active fed-e2e mlflow-mysql (retrying in 5s)
[0;34m[fed-infra][0m waiting for 'mlflow-server' in model 'fed-e2e' to become active
[0;33m[fed-infra][0m attempt 1/360 failed: fed_juju_app_active fed-e2e mlflow-server (retrying in 5s)
[0;33m[fed-infra][0m attempt 2/360 failed: fed_juju_app_active fed-e2e mlflow-server (retrying in 5s)
[0;33m[fed-infra][0m attempt 3/360 failed: fed_juju_app_active fed-e2e mlflow-server (retrying in 5s)
[0;33m[fed-infra][0m attempt 4/360 failed: fed_juju_app_active fed-e2e mlflow-server (retrying in 5s)
[0;33m[fed-infra][0m attempt 5/360 failed: fed_juju_app_active fed-e2e mlflow-server (retrying in 5s)
[0;33m[fed-infra][0m attempt 6/360 failed: fed_juju_app_active fed-e2e mlflow-server (retrying in 5s)
[0;33m[fed-infra][0m attempt 7/360 failed: fed_juju_app_active fed-e2e mlflow-server (retrying in 5s)
[0;33m[fed-infra][0m attempt 8/360 failed: fed_juju_app_active fed-e2e mlflow-server (retrying in 5s)
[0;33m[fed-infra][0m attempt 9/360 failed: fed_juju_app_active fed-e2e mlflow-server (retrying in 5s)
[0;33m[fed-infra][0m attempt 10/360 failed: fed_juju_app_active fed-e2e mlflow-server (retrying in 5s)
[0;33m[fed-infra][0m attempt 11/360 failed: fed_juju_app_active fed-e2e mlflow-server (retrying in 5s)
[0;33m[fed-infra][0m attempt 12/360 failed: fed_juju_app_active fed-e2e mlflow-server (retrying in 5s)
[0;33m[fed-infra][0m attempt 13/360 failed: fed_juju_app_active fed-e2e mlflow-server (retrying in 5s)
[0;33m[fed-infra][0m attempt 14/360 failed: fed_juju_app_active fed-e2e mlflow-server (retrying in 5s)
[0;33m[fed-infra][0m attempt 15/360 failed: fed_juju_app_active fed-e2e mlflow-server (retrying in 5s)
[0;33m[fed-infra][0m attempt 16/360 failed: fed_juju_app_active fed-e2e mlflow-server (retrying in 5s)
[0;33m[fed-infra][0m attempt 17/360 failed: fed_juju_app_active fed-e2e mlflow-server (retrying in 5s)
[0;33m[fed-infra][0m attempt 18/360 failed: fed_juju_app_active fed-e2e mlflow-server (retrying in 5s)
[0;33m[fed-infra][0m attempt 19/360 failed: fed_juju_app_active fed-e2e mlflow-server (retrying in 5s)
[0;33m[fed-infra][0m attempt 20/360 failed: fed_juju_app_active fed-e2e mlflow-server (retrying in 5s)
[0;33m[fed-infra][0m attempt 21/360 failed: fed_juju_app_active fed-e2e mlflow-server (retrying in 5s)
[0;33m[fed-infra][0m attempt 22/360 failed: fed_juju_app_active fed-e2e mlflow-server (retrying in 5s)
[0;33m[fed-infra][0m attempt 23/360 failed: fed_juju_app_active fed-e2e mlflow-server (retrying in 5s)
[0;33m[fed-infra][0m attempt 24/360 failed: fed_juju_app_active fed-e2e mlflow-server (retrying in 5s)
[0;33m[fed-infra][0m attempt 25/360 failed: fed_juju_app_active fed-e2e mlflow-server (retrying in 5s)
[0;33m[fed-infra][0m attempt 26/360 failed: fed_juju_app_active fed-e2e mlflow-server (retrying in 5s)
[0;33m[fed-infra][0m attempt 27/360 failed: fed_juju_app_active fed-e2e mlflow-server (retrying in 5s)
[0;33m[fed-infra][0m attempt 28/360 failed: fed_juju_app_active fed-e2e mlflow-server (retrying in 5s)
[0;33m[fed-infra][0m attempt 29/360 failed: fed_juju_app_active fed-e2e mlflow-server (retrying in 5s)
[0;33m[fed-infra][0m attempt 30/360 failed: fed_juju_app_active fed-e2e mlflow-server (retrying in 5s)
[0;33m[fed-infra][0m attempt 31/360 failed: fed_juju_app_active fed-e2e mlflow-server (retrying in 5s)
[0;33m[fed-infra][0m attempt 32/360 failed: fed_juju_app_active fed-e2e mlflow-server (retrying in 5s)
[0;33m[fed-infra][0m attempt 33/360 failed: fed_juju_app_active fed-e2e mlflow-server (retrying in 5s)
[0;33m[fed-infra][0m attempt 34/360 failed: fed_juju_app_active fed-e2e mlflow-server (retrying in 5s)
[0;33m[fed-infra][0m attempt 35/360 failed: fed_juju_app_active fed-e2e mlflow-server (retrying in 5s)
[0;33m[fed-infra][0m attempt 36/360 failed: fed_juju_app_active fed-e2e mlflow-server (retrying in 5s)
[0;33m[fed-infra][0m attempt 37/360 failed: fed_juju_app_active fed-e2e mlflow-server (retrying in 5s)
[0;33m[fed-infra][0m attempt 38/360 failed: fed_juju_app_active fed-e2e mlflow-server (retrying in 5s)
[0;33m[fed-infra][0m attempt 39/360 failed: fed_juju_app_active fed-e2e mlflow-server (retrying in 5s)
[0;33m[fed-infra][0m attempt 40/360 failed: fed_juju_app_active fed-e2e mlflow-server (retrying in 5s)
[0;33m[fed-infra][0m attempt 41/360 failed: fed_juju_app_active fed-e2e mlflow-server (retrying in 5s)
[0;33m[fed-infra][0m attempt 42/360 failed: fed_juju_app_active fed-e2e mlflow-server (retrying in 5s)
[0;33m[fed-infra][0m attempt 43/360 failed: fed_juju_app_active fed-e2e mlflow-server (retrying in 5s)
[0;33m[fed-infra][0m attempt 44/360 failed: fed_juju_app_active fed-e2e mlflow-server (retrying in 5s)
[0;33m[fed-infra][0m attempt 45/360 failed: fed_juju_app_active fed-e2e mlflow-server (retrying in 5s)
[0;33m[fed-infra][0m attempt 46/360 failed: fed_juju_app_active fed-e2e mlflow-server (retrying in 5s)
[0;33m[fed-infra][0m attempt 47/360 failed: fed_juju_app_active fed-e2e mlflow-server (retrying in 5s)
[0;33m[fed-infra][0m attempt 48/360 failed: fed_juju_app_active fed-e2e mlflow-server (retrying in 5s)
[0;33m[fed-infra][0m attempt 49/360 failed: fed_juju_app_active fed-e2e mlflow-server (retrying in 5s)
[0;33m[fed-infra][0m attempt 50/360 failed: fed_juju_app_active fed-e2e mlflow-server (retrying in 5s)
[0;33m[fed-infra][0m attempt 51/360 failed: fed_juju_app_active fed-e2e mlflow-server (retrying in 5s)
[0;33m[fed-infra][0m attempt 52/360 failed: fed_juju_app_active fed-e2e mlflow-server (retrying in 5s)
[0;33m[fed-infra][0m attempt 53/360 failed: fed_juju_app_active fed-e2e mlflow-server (retrying in 5s)
[0;33m[fed-infra][0m attempt 54/360 failed: fed_juju_app_active fed-e2e mlflow-server (retrying in 5s)
[0;33m[fed-infra][0m attempt 55/360 failed: fed_juju_app_active fed-e2e mlflow-server (retrying in 5s)
[0;33m[fed-infra][0m attempt 56/360 failed: fed_juju_app_active fed-e2e mlflow-server (retrying in 5s)
[0;33m[fed-infra][0m attempt 57/360 failed: fed_juju_app_active fed-e2e mlflow-server (retrying in 5s)
[0;33m[fed-infra][0m attempt 58/360 failed: fed_juju_app_active fed-e2e mlflow-server (retrying in 5s)
[0;33m[fed-infra][0m attempt 59/360 failed: fed_juju_app_active fed-e2e mlflow-server (retrying in 5s)
[0;33m[fed-infra][0m attempt 60/360 failed: fed_juju_app_active fed-e2e mlflow-server (retrying in 5s)
[0;33m[fed-infra][0m attempt 61/360 failed: fed_juju_app_active fed-e2e mlflow-server (retrying in 5s)
[0;33m[fed-infra][0m attempt 62/360 failed: fed_juju_app_active fed-e2e mlflow-server (retrying in 5s)
[0;33m[fed-infra][0m attempt 63/360 failed: fed_juju_app_active fed-e2e mlflow-server (retrying in 5s)
[0;33m[fed-infra][0m attempt 64/360 failed: fed_juju_app_active fed-e2e mlflow-server (retrying in 5s)
[0;33m[fed-infra][0m attempt 65/360 failed: fed_juju_app_active fed-e2e mlflow-server (retrying in 5s)
[0;33m[fed-infra][0m attempt 66/360 failed: fed_juju_app_active fed-e2e mlflow-server (retrying in 5s)
[0;33m[fed-infra][0m attempt 67/360 failed: fed_juju_app_active fed-e2e mlflow-server (retrying in 5s)
[0;33m[fed-infra][0m attempt 68/360 failed: fed_juju_app_active fed-e2e mlflow-server (retrying in 5s)
[0;33m[fed-infra][0m attempt 69/360 failed: fed_juju_app_active fed-e2e mlflow-server (retrying in 5s)
[0;33m[fed-infra][0m attempt 70/360 failed: fed_juju_app_active fed-e2e mlflow-server (retrying in 5s)
[0;33m[fed-infra][0m attempt 71/360 failed: fed_juju_app_active fed-e2e mlflow-server (retrying in 5s)
[0;33m[fed-infra][0m attempt 72/360 failed: fed_juju_app_active fed-e2e mlflow-server (retrying in 5s)
[0;33m[fed-infra][0m attempt 73/360 failed: fed_juju_app_active fed-e2e mlflow-server (retrying in 5s)
[0;33m[fed-infra][0m attempt 74/360 failed: fed_juju_app_active fed-e2e mlflow-server (retrying in 5s)
[0;33m[fed-infra][0m attempt 75/360 failed: fed_juju_app_active fed-e2e mlflow-server (retrying in 5s)
[0;33m[fed-infra][0m attempt 76/360 failed: fed_juju_app_active fed-e2e mlflow-server (retrying in 5s)
[0;33m[fed-infra][0m attempt 77/360 failed: fed_juju_app_active fed-e2e mlflow-server (retrying in 5s)
[0;33m[fed-infra][0m attempt 78/360 failed: fed_juju_app_active fed-e2e mlflow-server (retrying in 5s)
[0;33m[fed-infra][0m attempt 79/360 failed: fed_juju_app_active fed-e2e mlflow-server (retrying in 5s)
[0;33m[fed-infra][0m attempt 80/360 failed: fed_juju_app_active fed-e2e mlflow-server (retrying in 5s)
[0;33m[fed-infra][0m attempt 81/360 failed: fed_juju_app_active fed-e2e mlflow-server (retrying in 5s)
[0;33m[fed-infra][0m attempt 82/360 failed: fed_juju_app_active fed-e2e mlflow-server (retrying in 5s)
[0;33m[fed-infra][0m attempt 83/360 failed: fed_juju_app_active fed-e2e mlflow-server (retrying in 5s)
[0;33m[fed-infra][0m attempt 84/360 failed: fed_juju_app_active fed-e2e mlflow-server (retrying in 5s)
[0;33m[fed-infra][0m attempt 85/360 failed: fed_juju_app_active fed-e2e mlflow-server (retrying in 5s)
[0;33m[fed-infra][0m attempt 86/360 failed: fed_juju_app_active fed-e2e mlflow-server (retrying in 5s)
[0;33m[fed-infra][0m attempt 87/360 failed: fed_juju_app_active fed-e2e mlflow-server (retrying in 5s)
[0;33m[fed-infra][0m attempt 88/360 failed: fed_juju_app_active fed-e2e mlflow-server (retrying in 5s)
[0;33m[fed-infra][0m attempt 89/360 failed: fed_juju_app_active fed-e2e mlflow-server (retrying in 5s)
[0;33m[fed-infra][0m attempt 90/360 failed: fed_juju_app_active fed-e2e mlflow-server (retrying in 5s)
[0;33m[fed-infra][0m attempt 91/360 failed: fed_juju_app_active fed-e2e mlflow-server (retrying in 5s)
[0;33m[fed-infra][0m attempt 92/360 failed: fed_juju_app_active fed-e2e mlflow-server (retrying in 5s)
[0;33m[fed-infra][0m attempt 93/360 failed: fed_juju_app_active fed-e2e mlflow-server (retrying in 5s)
[0;33m[fed-infra][0m attempt 94/360 failed: fed_juju_app_active fed-e2e mlflow-server (retrying in 5s)
[0;33m[fed-infra][0m attempt 95/360 failed: fed_juju_app_active fed-e2e mlflow-server (retrying in 5s)
[0;33m[fed-infra][0m attempt 96/360 failed: fed_juju_app_active fed-e2e mlflow-server (retrying in 5s)
[0;33m[fed-infra][0m attempt 97/360 failed: fed_juju_app_active fed-e2e mlflow-server (retrying in 5s)
[0;33m[fed-infra][0m attempt 98/360 failed: fed_juju_app_active fed-e2e mlflow-server (retrying in 5s)
[0;33m[fed-infra][0m attempt 99/360 failed: fed_juju_app_active fed-e2e mlflow-server (retrying in 5s)
[0;33m[fed-infra][0m attempt 100/360 failed: fed_juju_app_active fed-e2e mlflow-server (retrying in 5s)
[0;33m[fed-infra][0m attempt 101/360 failed: fed_juju_app_active fed-e2e mlflow-server (retrying in 5s)
[0;33m[fed-infra][0m attempt 102/360 failed: fed_juju_app_active fed-e2e mlflow-server (retrying in 5s)
[0;33m[fed-infra][0m attempt 103/360 failed: fed_juju_app_active fed-e2e mlflow-server (retrying in 5s)
[0;33m[fed-infra][0m attempt 104/360 failed: fed_juju_app_active fed-e2e mlflow-server (retrying in 5s)
[0;33m[fed-infra][0m attempt 105/360 failed: fed_juju_app_active fed-e2e mlflow-server (retrying in 5s)
[0;33m[fed-infra][0m attempt 106/360 failed: fed_juju_app_active fed-e2e mlflow-server (retrying in 5s)
[0;33m[fed-infra][0m attempt 107/360 failed: fed_juju_app_active fed-e2e mlflow-server (retrying in 5s)
[0;33m[fed-infra][0m attempt 108/360 failed: fed_juju_app_active fed-e2e mlflow-server (retrying in 5s)
[0;33m[fed-infra][0m attempt 109/360 failed: fed_juju_app_active fed-e2e mlflow-server (retrying in 5s)
[0;33m[fed-infra][0m attempt 110/360 failed: fed_juju_app_active fed-e2e mlflow-server (retrying in 5s)
[0;33m[fed-infra][0m attempt 111/360 failed: fed_juju_app_active fed-e2e mlflow-server (retrying in 5s)
[0;33m[fed-infra][0m attempt 112/360 failed: fed_juju_app_active fed-e2e mlflow-server (retrying in 5s)
[0;33m[fed-infra][0m attempt 113/360 failed: fed_juju_app_active fed-e2e mlflow-server (retrying in 5s)
[0;33m[fed-infra][0m attempt 114/360 failed: fed_juju_app_active fed-e2e mlflow-server (retrying in 5s)
[0;33m[fed-infra][0m attempt 115/360 failed: fed_juju_app_active fed-e2e mlflow-server (retrying in 5s)
[0;33m[fed-infra][0m attempt 116/360 failed: fed_juju_app_active fed-e2e mlflow-server (retrying in 5s)
[0;33m[fed-infra][0m attempt 117/360 failed: fed_juju_app_active fed-e2e mlflow-server (retrying in 5s)
[0;33m[fed-infra][0m attempt 118/360 failed: fed_juju_app_active fed-e2e mlflow-server (retrying in 5s)
[0;33m[fed-infra][0m attempt 119/360 failed: fed_juju_app_active fed-e2e mlflow-server (retrying in 5s)
[0;33m[fed-infra][0m attempt 120/360 failed: fed_juju_app_active fed-e2e mlflow-server (retrying in 5s)
[0;33m[fed-infra][0m attempt 121/360 failed: fed_juju_app_active fed-e2e mlflow-server (retrying in 5s)
[0;33m[fed-infra][0m attempt 122/360 failed: fed_juju_app_active fed-e2e mlflow-server (retrying in 5s)
[0;33m[fed-infra][0m attempt 123/360 failed: fed_juju_app_active fed-e2e mlflow-server (retrying in 5s)
[0;33m[fed-infra][0m attempt 124/360 failed: fed_juju_app_active fed-e2e mlflow-server (retrying in 5s)
[0;34m[fed-infra][0m ensuring bucket 'mlpipeline' at kfp-minio.kubeflow.svc.cluster.local:9000
pod/fed-mc-mlpipeline created
pod/fed-mc-mlpipeline condition met
[0;34m[fed-infra][0m exposing kfp-ui in kubeflow as NodePort
service/kfp-ui patched
[0;34m[fed-infra][0m exposing temporal-ui-k8s in fed-e2e as NodePort
service/temporal-ui-k8s patched
[0;34m[fed-infra][0m exposing mlflow-server in fed-e2e as NodePort
service/mlflow-server patched
[0;34m[fed-infra][0m ensuring bucket 'mlflow-artifacts' at minio.fed-e2e.svc.cluster.local:9000
pod/fed-mc-mlflowartifacts created
pod/fed-mc-mlflowartifacts condition met
[0;34m[fed-infra][0m exposing minio in fed-e2e as NodePort
service/minio patched
[0;34m[fed-infra][0m 
[0;34m[fed-infra][0m Setup complete. Services:
[0;34m[fed-infra][0m   Kubeflow Pipelines : http://localhost:8080
[0;34m[fed-infra][0m   MLflow             : http://localhost:5050
[0;34m[fed-infra][0m   Temporal UI        : http://localhost:8233
[0;34m[fed-infra][0m   MinIO Console      : http://localhost:9001
